"Date","Price","Open","High","Low","Vol.","Change %"
"02/06/2025","4.562","4.687","4.834","4.552","19.00M","-2.66%"
"02/05/2025","4.687","4.742","4.861","4.637","21.92M","-1.17%"
"02/04/2025","4.742","5.181","5.227","4.586","51.86M","-8.48%"
"02/03/2025","5.181","5.155","5.273","3.890","199.06M","0.55%"
"02/02/2025","5.153","5.910","6.044","4.911","55.87M","-12.80%"
"02/01/2025","5.909","6.322","6.488","5.892","34.02M","-6.53%"
"01/31/2025","6.322","6.123","6.496","6.030","28.80M","3.25%"
"01/30/2025","6.123","5.763","6.251","5.727","17.65M","6.25%"
"01/29/2025","5.763","5.651","5.876","5.548","19.83M","1.98%"
"01/28/2025","5.651","5.949","6.029","5.601","16.67M","-5.01%"
"01/27/2025","5.949","6.176","6.205","5.499","41.19M","-3.67%"
"01/26/2025","6.175","6.320","6.469","6.168","12.25M","-2.28%"
"01/25/2025","6.320","6.320","6.394","6.250","10.77M","0.00%"
"01/24/2025","6.320","6.352","6.542","6.206","15.68M","-0.49%"
"01/23/2025","6.351","6.459","6.499","6.203","21.99M","-1.68%"
"01/22/2025","6.459","6.624","6.693","6.435","13.31M","-2.51%"
"01/21/2025","6.626","6.377","6.840","6.160","27.94M","3.91%"
"01/20/2025","6.376","6.249","6.952","6.067","71.49M","2.00%"
"01/19/2025","6.252","7.040","7.231","6.135","60.68M","-11.20%"
"01/18/2025","7.040","7.491","7.558","6.848","28.54M","-6.02%"
"01/17/2025","7.491","7.149","7.567","7.149","25.88M","4.78%"
"01/16/2025","7.149","7.163","7.377","6.849","35.21M","-0.19%"
"01/15/2025","7.162","6.663","7.190","6.559","29.77M","7.50%"
"01/14/2025","6.663","6.397","6.685","6.371","17.81M","4.15%"
"01/13/2025","6.397","6.630","6.802","6.057","63.77M","-3.52%"
"01/12/2025","6.631","6.739","6.815","6.543","7.43M","-1.59%"
"01/11/2025","6.738","6.731","6.871","6.587","9.95M","0.10%"
"01/10/2025","6.731","6.557","6.803","6.500","21.04M","2.66%"
"01/09/2025","6.556","6.759","6.838","6.461","23.78M","-2.99%"
"01/08/2025","6.759","7.013","7.132","6.449","39.38M","-3.62%"
"01/07/2025","7.013","7.767","7.886","7.010","38.79M","-9.71%"
"01/06/2025","7.767","7.670","7.985","7.544","36.80M","1.27%"
"01/05/2025","7.670","7.674","7.728","7.473","12.63M","-0.06%"
"01/04/2025","7.674","7.754","7.878","7.611","17.74M","-1.03%"
"01/03/2025","7.754","7.174","7.990","7.137","36.16M","8.08%"
"01/02/2025","7.175","7.046","7.355","7.046","19.02M","1.84%"
"01/01/2025","7.045","6.642","7.132","6.521","8.35M","6.00%"
"12/31/2024","6.646","6.703","6.920","6.567","218.65M","-0.89%"
"12/30/2024","6.706","6.865","7.098","6.542","21.51M","-2.32%"
"12/29/2024","6.865","7.113","7.145","6.812","21.99M","-3.49%"
"12/28/2024","7.114","6.908","7.166","6.815","12.96M","2.98%"
"12/27/2024","6.908","6.933","7.282","6.835","22.53M","-0.36%"
"12/26/2024","6.933","7.503","7.582","6.887","23.47M","-7.59%"
"12/25/2024","7.502","7.553","7.633","7.364","19.71M","-0.66%"
"12/24/2024","7.552","7.384","7.634","7.174","29.45M","2.28%"
"12/23/2024","7.384","6.840","7.536","6.676","38.87M","7.96%"
"12/22/2024","6.840","6.966","7.245","6.707","126.60M","-1.81%"
"12/21/2024","6.966","7.292","7.795","6.864","70.19M","-4.48%"
"12/20/2024","7.292","6.946","7.353","6.086","87.68M","4.98%"
"12/19/2024","6.946","7.689","7.775","6.778","203.74M","-9.68%"
"12/18/2024","7.691","8.486","8.545","7.592","42.76M","-9.29%"
"12/17/2024","8.479","8.754","8.965","8.386","56.95M","-3.14%"
"12/16/2024","8.754","9.025","9.190","8.599","71.37M","-2.93%"
"12/15/2024","9.018","8.554","9.250","8.374","44.18M","5.39%"
"12/14/2024","8.557","9.088","9.206","8.358","114.13M","-5.85%"
"12/13/2024","9.088","9.058","9.230","8.790","27.66M","0.34%"
"12/12/2024","9.057","8.992","9.658","8.919","44.47M","0.72%"
"12/11/2024","8.992","8.392","9.258","8.045","42.06M","7.02%"
"12/10/2024","8.403","8.510","8.713","7.594","60.09M","-1.25%"
"12/09/2024","8.509","10.394","10.397","7.781","73.19M","-18.14%"
"12/08/2024","10.395","10.594","10.801","10.203","24.15M","-2.03%"
"12/07/2024","10.610","10.673","10.918","10.313","29.49M","-0.60%"
"12/06/2024","10.674","10.371","10.875","10.019","21.40M","2.90%"
"12/05/2024","10.373","10.508","11.230","9.919","65.57M","-1.29%"
"12/04/2024","10.509","9.788","11.611","9.690","97.40M","7.37%"
"12/03/2024","9.787","10.010","10.354","9.122","73.42M","-2.22%"
"12/02/2024","10.010","9.293","10.182","8.466","73.28M","7.70%"
"12/01/2024","9.294","8.942","9.385","8.701","34.51M","3.93%"
"11/30/2024","8.942","9.008","9.204","8.609","41.85M","-0.72%"
"11/29/2024","9.007","8.573","9.067","8.453","39.03M","5.07%"
"11/28/2024","8.573","8.457","8.653","8.028","68.14M","1.36%"
"11/27/2024","8.458","8.077","8.559","7.862","65.27M","4.71%"
"11/26/2024","8.077","8.231","8.437","7.586","77.66M","-1.87%"
"11/25/2024","8.231","8.820","9.283","8.172","96.93M","-6.68%"
"11/24/2024","8.820","8.522","10.267","8.109","189.03M","3.50%"
"11/23/2024","8.522","6.638","9.265","6.606","189.14M","28.36%"
"11/22/2024","6.639","5.936","6.669","5.882","77.46M","11.83%"
"11/21/2024","5.936","5.721","5.951","5.484","48.55M","3.76%"
"11/20/2024","5.721","5.804","6.065","5.562","48.68M","-1.40%"
"11/19/2024","5.803","6.007","6.036","5.679","110.98M","-3.38%"
"11/18/2024","6.006","5.456","6.090","5.436","50.75M","10.14%"
"11/17/2024","5.453","5.773","6.119","5.375","59.04M","-5.55%"
"11/16/2024","5.773","5.160","5.784","5.140","60.70M","11.88%"
"11/15/2024","5.160","4.773","5.165","4.726","35.96M","8.13%"
"11/14/2024","4.772","5.076","5.207","4.707","89.63M","-6.01%"
"11/13/2024","5.077","5.309","5.413","4.950","68.25M","-4.36%"
"11/12/2024","5.308","5.659","5.827","5.147","122.58M","-6.19%"
"11/11/2024","5.659","5.219","5.731","5.000","59.99M","8.39%"
"11/10/2024","5.221","4.629","5.478","4.598","104.13M","12.79%"
"11/09/2024","4.629","4.326","4.636","4.267","39.20M","6.98%"
"11/08/2024","4.326","4.162","4.386","4.120","36.14M","3.98%"
"11/07/2024","4.161","4.112","4.196","4.051","53.10M","1.16%"
"11/06/2024","4.113","3.855","4.126","3.855","29.88M","6.69%"
"11/05/2024","3.855","3.751","3.912","3.750","16.04M","2.79%"
"11/04/2024","3.751","3.784","3.837","3.688","11.46M","-0.88%"
"11/03/2024","3.784","3.906","3.928","3.669","12.54M","-3.11%"
"11/02/2024","3.906","3.908","3.946","3.824","23.30M","-0.10%"
"11/01/2024","3.909","3.958","3.995","3.859","22.52M","-1.23%"
"10/31/2024","3.958","4.173","4.199","3.904","13.70M","-5.16%"
"10/30/2024","4.173","4.193","4.214","4.137","9.28M","-0.47%"
"10/29/2024","4.193","4.132","4.247","4.123","21.66M","1.49%"
"10/28/2024","4.132","4.130","4.225","4.012","20.19M","0.03%"
"10/27/2024","4.130","4.034","4.132","4.010","7.49M","2.39%"
"10/26/2024","4.034","4.001","4.057","3.947","9.38M","0.84%"
"10/25/2024","4.000","4.206","4.216","3.907","14.90M","-4.88%"
"10/24/2024","4.206","4.213","4.259","4.167","30.51M","-0.17%"
"10/23/2024","4.213","4.322","4.327","4.122","8.28M","-2.54%"
"10/22/2024","4.322","4.378","4.435","4.279","14.47M","-1.27%"
"10/21/2024","4.378","4.578","4.610","4.338","8.56M","-4.35%"
"10/20/2024","4.577","4.431","4.593","4.359","3.88M","3.30%"
"10/19/2024","4.431","4.309","4.481","4.309","7.92M","2.84%"
"10/18/2024","4.309","4.193","4.309","4.174","6.72M","2.77%"
"10/17/2024","4.193","4.316","4.348","4.150","25.22M","-2.85%"
"10/16/2024","4.316","4.406","4.409","4.291","7.58M","-2.04%"
"10/15/2024","4.406","4.377","4.532","4.308","15.69M","0.66%"
"10/14/2024","4.377","4.161","4.397","4.136","9.86M","5.17%"
"10/13/2024","4.161","4.206","4.215","4.090","15.80M","-1.10%"
"10/12/2024","4.208","4.170","4.261","4.154","5.44M","0.91%"
"10/11/2024","4.170","4.071","4.195","4.055","5.51M","2.46%"
"10/10/2024","4.070","4.024","4.073","3.974","110.57M","1.14%"
"10/09/2024","4.024","4.103","4.149","3.959","11.04M","-1.92%"
"10/08/2024","4.103","4.131","4.182","4.076","7.54M","-0.70%"
"10/07/2024","4.131","4.190","4.270","4.129","8.92M","-1.39%"
"10/06/2024","4.190","4.140","4.194","4.104","3.88M","1.19%"
"10/05/2024","4.140","4.193","4.232","4.079","4.24M","-1.26%"
"10/04/2024","4.193","4.129","4.210","4.110","7.37M","1.57%"
"10/03/2024","4.129","4.102","4.170","3.997","11.67M","0.64%"
"10/02/2024","4.102","4.157","4.267","4.012","11.69M","-1.32%"
"10/01/2024","4.157","4.436","4.561","4.081","70.82M","-6.29%"
"09/30/2024","4.436","4.767","4.769","4.407","46.05M","-6.94%"
"09/29/2024","4.767","4.797","4.851","4.690","5.66M","-0.63%"
"09/28/2024","4.797","4.885","4.926","4.753","5.73M","-1.81%"
"09/27/2024","4.885","4.816","4.961","4.812","30.03M","1.43%"
"09/26/2024","4.816","4.637","4.874","4.569","76.48M","3.87%"
"09/25/2024","4.637","4.636","4.769","4.597","9.54M","-0.03%"
"09/24/2024","4.638","4.458","4.677","4.404","39.70M","4.05%"
"09/23/2024","4.458","4.312","4.460","4.246","8.50M","3.39%"
"09/22/2024","4.312","4.462","4.476","4.242","5.83M","-3.37%"
"09/21/2024","4.462","4.340","4.472","4.287","5.90M","2.81%"
"09/20/2024","4.340","4.255","4.398","4.192","10.81M","2.00%"
"09/19/2024","4.255","4.172","4.347","4.172","11.20M","2.00%"
"09/18/2024","4.172","4.158","4.174","3.980","17.34M","0.33%"
"09/17/2024","4.158","4.195","4.280","4.140","7.87M","-0.87%"
"09/16/2024","4.194","4.397","4.397","4.151","7.63M","-4.60%"
"09/15/2024","4.397","4.436","4.556","4.368","7.07M","-0.90%"
"09/14/2024","4.436","4.422","4.444","4.349","4.43M","0.31%"
"09/13/2024","4.422","4.294","4.467","4.277","7.89M","2.99%"
"09/12/2024","4.294","4.191","4.299","4.190","5.30M","2.44%"
"09/11/2024","4.191","4.252","4.255","4.068","25.10M","-1.50%"
"09/10/2024","4.255","4.287","4.287","4.202","4.42M","-0.74%"
"09/09/2024","4.287","4.161","4.332","4.114","6.73M","3.03%"
"09/08/2024","4.161","4.080","4.203","4.061","3.61M","2.00%"
"09/07/2024","4.080","3.959","4.130","3.937","8.00M","3.05%"
"09/06/2024","3.959","4.021","4.094","3.830","9.66M","-1.54%"
"09/05/2024","4.021","4.112","4.126","3.977","15.74M","-2.23%"
"09/04/2024","4.112","4.061","4.188","3.912","16.92M","1.26%"
"09/03/2024","4.061","4.207","4.278","4.059","5.62M","-3.48%"
"09/02/2024","4.207","4.076","4.225","4.062","7.00M","3.22%"
"09/01/2024","4.076","4.257","4.258","4.046","9.55M","-4.24%"
"08/31/2024","4.257","4.278","4.314","4.227","8.23M","-0.51%"
"08/30/2024","4.278","4.245","4.327","4.115","32.82M","0.80%"
"08/29/2024","4.245","4.254","4.392","4.199","37.77M","-0.39%"
"08/28/2024","4.261","4.380","4.445","4.201","13.39M","-2.71%"
"08/27/2024","4.380","4.563","4.657","4.265","15.57M","-4.03%"
"08/26/2024","4.564","4.824","4.859","4.541","22.24M","-5.47%"
"08/25/2024","4.827","4.983","4.984","4.762","12.28M","-3.05%"
"08/24/2024","4.979","4.898","5.092","4.847","12.95M","1.66%"
"08/23/2024","4.898","4.690","4.942","4.686","14.20M","4.41%"
"08/22/2024","4.691","4.664","4.711","4.608","11.99M","0.57%"
"08/21/2024","4.664","4.524","4.746","4.509","10.61M","3.11%"
"08/20/2024","4.524","4.482","4.601","4.465","11.35M","1.03%"
"08/19/2024","4.478","4.397","4.493","4.347","7.04M","1.84%"
"08/18/2024","4.397","4.366","4.511","4.350","8.41M","0.72%"
"08/17/2024","4.366","4.285","4.538","4.275","7.85M","1.88%"
"08/16/2024","4.285","4.276","4.384","4.229","6.72M","0.21%"
"08/15/2024","4.276","4.386","4.472","4.240","9.18M","-2.50%"
"08/14/2024","4.386","4.549","4.550","4.358","10.08M","-3.44%"
"08/13/2024","4.542","4.589","4.610","4.406","17.15M","-1.04%"
"08/12/2024","4.589","4.495","4.672","4.458","25.70M","2.12%"
"08/11/2024","4.494","4.753","4.821","4.475","8.33M","-5.44%"
"08/10/2024","4.753","4.785","4.822","4.726","2.75M","-0.66%"
"08/09/2024","4.784","4.877","4.919","4.742","6.36M","-1.91%"
"08/08/2024","4.877","4.574","4.898","4.493","11.31M","6.64%"
"08/07/2024","4.574","4.506","4.636","4.411","12.44M","1.53%"
"08/06/2024","4.505","4.200","4.601","4.196","12.98M","7.24%"
"08/05/2024","4.200","4.691","4.711","3.654","50.61M","-10.39%"
"08/04/2024","4.687","5.046","5.088","4.555","11.77M","-7.12%"
"08/03/2024","5.046","5.122","5.203","4.868","7.52M","-1.48%"
"08/02/2024","5.122","5.345","5.365","5.007","9.03M","-4.17%"
"08/01/2024","5.345","5.388","5.417","5.058","11.32M","-0.80%"
"07/31/2024","5.388","5.519","5.554","5.341","7.23M","-2.37%"
"07/30/2024","5.519","5.651","5.719","5.496","4.93M","-2.33%"
"07/29/2024","5.651","5.719","5.875","5.628","6.23M","-1.24%"
"07/28/2024","5.722","5.829","5.840","5.678","2.93M","-1.85%"
"07/27/2024","5.829","5.869","5.938","5.740","5.03M","-0.70%"
"07/26/2024","5.870","5.754","5.888","5.728","3.30M","2.01%"
"07/25/2024","5.755","5.748","5.777","5.550","14.15M","0.11%"
"07/24/2024","5.748","5.919","5.994","5.668","5.41M","-2.85%"
"07/23/2024","5.917","6.100","6.161","5.809","23.38M","-3.00%"
"07/22/2024","6.100","6.432","6.471","6.090","6.23M","-5.09%"
"07/21/2024","6.427","6.331","6.440","6.126","10.91M","1.52%"
"07/20/2024","6.331","6.338","6.392","6.227","3.99M","-0.09%"
"07/19/2024","6.337","6.093","6.346","5.998","6.38M","4.01%"
"07/18/2024","6.093","6.256","6.397","6.041","7.82M","-2.64%"
"07/17/2024","6.258","6.338","6.531","6.254","7.73M","-1.24%"
"07/16/2024","6.336","6.488","6.506","6.136","16.11M","-2.35%"
"07/15/2024","6.489","6.326","6.535","6.300","35.97M","2.59%"
"07/14/2024","6.325","6.208","6.350","6.147","9.62M","1.88%"
"07/13/2024","6.208","6.097","6.266","6.070","4.64M","1.85%"
"07/12/2024","6.096","5.905","6.099","5.808","9.18M","3.22%"
"07/11/2024","5.905","6.099","6.235","5.899","101.05M","-3.18%"
"07/10/2024","6.099","6.117","6.257","6.056","101.19M","-0.28%"
"07/09/2024","6.117","5.943","6.176","5.849","14.48M","2.92%"
"07/08/2024","5.943","5.906","6.290","5.709","13.08M","0.62%"
"07/07/2024","5.906","6.242","6.307","5.887","11.17M","-5.38%"
"07/06/2024","6.242","5.681","6.307","5.637","23.76M","10.03%"
"07/05/2024","5.673","5.554","5.914","4.953","165.67M","2.14%"
"07/04/2024","5.554","6.081","6.133","5.551","13.80M","-8.61%"
"07/03/2024","6.078","6.533","6.544","6.001","9.52M","-6.96%"
"07/02/2024","6.533","6.332","6.603","6.314","11.29M","3.15%"
"07/01/2024","6.334","6.212","6.437","6.197","14.18M","1.95%"
"06/30/2024","6.212","6.080","6.253","6.026","4.29M","2.18%"
"06/29/2024","6.080","6.188","6.296","6.066","4.96M","-1.75%"
"06/28/2024","6.188","6.287","6.437","6.161","8.58M","-1.58%"
"06/27/2024","6.287","5.799","6.374","5.711","8.27M","8.43%"
"06/26/2024","5.799","5.842","5.944","5.780","6.53M","-0.74%"
"06/25/2024","5.842","5.728","5.970","5.709","9.55M","1.99%"
"06/24/2024","5.728","5.651","5.736","5.460","13.59M","1.36%"
"06/23/2024","5.651","5.750","5.815","5.622","4.10M","-1.72%"
"06/22/2024","5.750","5.610","5.801","5.544","17.41M","2.49%"
"06/21/2024","5.610","5.643","5.733","5.555","8.06M","-0.58%"
"06/20/2024","5.643","5.799","5.968","5.604","10.73M","-2.69%"
"06/19/2024","5.799","5.771","5.989","5.732","8.72M","0.47%"
"06/18/2024","5.771","6.070","6.084","5.558","22.56M","-4.94%"
"06/17/2024","6.071","6.391","6.413","6.031","35.56M","-4.99%"
"06/16/2024","6.390","6.224","6.426","6.161","18.23M","2.67%"
"06/15/2024","6.224","6.165","6.248","6.114","5.42M","0.96%"
"06/14/2024","6.165","6.363","6.480","6.049","7.33M","-3.11%"
"06/13/2024","6.363","6.738","6.738","6.353","9.61M","-5.57%"
"06/12/2024","6.738","6.378","6.920","6.289","19.43M","5.65%"
"06/11/2024","6.378","6.509","6.524","6.232","14.33M","-2.01%"
"06/10/2024","6.509","6.524","6.575","6.371","7.75M","-0.26%"
"06/09/2024","6.526","6.386","6.539","6.378","24.39M","2.19%"
"06/08/2024","6.386","6.660","6.671","6.353","9.80M","-4.12%"
"06/07/2024","6.660","7.145","7.287","6.280","22.79M","-6.78%"
"06/06/2024","7.145","7.246","7.285","7.073","10.75M","-1.40%"
"06/05/2024","7.246","7.177","7.290","7.159","8.40M","0.96%"
"06/04/2024","7.178","7.010","7.233","6.948","12.69M","2.37%"
"06/03/2024","7.011","6.991","7.182","6.942","31.81M","0.29%"
"06/02/2024","6.991","7.061","7.123","6.926","4.98M","-1.00%"
"06/01/2024","7.061","6.989","7.133","6.963","4.19M","1.04%"
"05/31/2024","6.989","6.998","7.046","6.823","6.87M","-0.13%"
"05/30/2024","6.998","7.177","7.233","6.935","11.73M","-2.50%"
"05/29/2024","7.177","7.373","7.549","7.149","11.87M","-2.66%"
"05/28/2024","7.373","7.637","7.658","7.290","13.83M","-3.46%"
"05/27/2024","7.638","7.553","7.768","7.386","10.43M","1.12%"
"05/26/2024","7.553","7.420","7.638","7.372","7.65M","1.71%"
"05/25/2024","7.426","7.244","7.436","7.226","5.00M","2.51%"
"05/24/2024","7.244","7.198","7.375","7.023","9.48M","0.64%"
"05/23/2024","7.198","7.462","7.599","6.920","20.72M","-3.53%"
"05/22/2024","7.462","7.612","7.698","7.392","16.41M","-1.97%"
"05/21/2024","7.612","7.572","7.657","7.439","19.68M","0.50%"
"05/20/2024","7.574","6.931","7.575","6.858","12.82M","9.27%"
"05/19/2024","6.931","7.156","7.178","6.900","4.81M","-3.14%"
"05/18/2024","7.156","7.196","7.226","7.068","4.79M","-0.54%"
"05/17/2024","7.195","7.028","7.287","7.004","32.30M","2.38%"
"05/16/2024","7.028","6.967","7.058","6.827","8.62M","0.89%"
"05/15/2024","6.967","6.483","7.017","6.466","11.11M","7.45%"
"05/14/2024","6.483","6.672","6.695","6.474","13.27M","-2.78%"
"05/13/2024","6.669","6.617","6.818","6.451","8.88M","0.79%"
"05/12/2024","6.617","6.659","6.789","6.607","3.94M","-0.63%"
"05/11/2024","6.659","6.747","6.805","6.644","5.86M","-1.32%"
"05/10/2024","6.747","7.049","7.144","6.711","63.73M","-4.26%"
"05/09/2024","7.048","6.987","7.092","6.793","8.24M","0.88%"
"05/08/2024","6.986","6.999","7.170","6.922","9.10M","-0.18%"
"05/07/2024","6.999","7.121","7.292","6.989","9.41M","-1.72%"
"05/06/2024","7.121","7.306","7.467","7.067","11.93M","-2.52%"
"05/05/2024","7.306","7.124","7.389","7.022","10.41M","2.56%"
"05/04/2024","7.124","7.245","7.247","7.121","8.92M","-1.67%"
"05/03/2024","7.245","7.280","7.374","7.015","17.10M","-0.48%"
"05/02/2024","7.280","6.893","7.399","6.712","29.01M","5.61%"
"05/01/2024","6.893","6.426","6.928","6.143","24.29M","7.27%"
"04/30/2024","6.426","6.586","6.657","6.063","18.03M","-2.43%"
"04/29/2024","6.586","6.721","6.823","6.480","9.39M","-2.02%"
"04/28/2024","6.722","6.806","6.945","6.698","8.82M","-1.22%"
"04/27/2024","6.805","6.760","6.857","6.558","9.41M","0.67%"
"04/26/2024","6.759","6.863","6.946","6.724","11.42M","-1.51%"
"04/25/2024","6.863","6.926","6.996","6.709","10.72M","-0.91%"
"04/24/2024","6.926","7.243","7.494","6.863","15.50M","-4.37%"
"04/23/2024","7.243","7.470","7.531","7.211","12.98M","-3.04%"
"04/22/2024","7.470","7.139","7.569","7.102","13.02M","4.65%"
"04/21/2024","7.138","7.234","7.280","6.985","11.26M","-1.32%"
"04/20/2024","7.234","6.678","7.271","6.615","5.10M","8.31%"
"04/19/2024","6.678","6.783","6.895","6.295","18.96M","-1.54%"
"04/18/2024","6.783","6.583","6.816","6.456","9.32M","3.03%"
"04/17/2024","6.583","6.705","6.771","6.351","12.15M","-1.82%"
"04/16/2024","6.705","6.706","6.806","6.459","14.32M","-0.02%"
"04/15/2024","6.706","6.860","7.197","6.452","24.73M","-2.25%"
"04/14/2024","6.860","6.392","6.918","6.210","38.97M","7.33%"
"04/13/2024","6.392","7.246","7.324","5.766","52.80M","-11.78%"
"04/12/2024","7.246","8.377","8.480","6.621","46.20M","-13.50%"
"04/11/2024","8.377","8.409","8.514","8.196","12.08M","-0.42%"
"04/10/2024","8.412","8.661","8.688","8.201","16.80M","-2.90%"
"04/09/2024","8.663","9.045","9.095","8.637","16.97M","-4.22%"
"04/08/2024","9.045","8.705","9.082","8.577","14.31M","3.91%"
"04/07/2024","8.705","8.493","8.738","8.463","10.03M","2.50%"
"04/06/2024","8.493","8.384","8.549","8.339","8.18M","1.29%"
"04/05/2024","8.384","8.483","8.499","8.092","24.22M","-1.17%"
"04/04/2024","8.483","8.425","8.706","8.275","13.70M","0.70%"
"04/03/2024","8.425","8.582","8.767","8.288","14.73M","-1.83%"
"04/02/2024","8.582","9.150","9.150","8.385","64.51M","-6.22%"
"04/01/2024","9.150","9.641","9.726","8.949","17.86M","-5.09%"
"03/31/2024","9.641","9.432","9.642","9.419","6.44M","2.21%"
"03/30/2024","9.432","9.599","9.685","9.396","8.52M","-1.73%"
"03/29/2024","9.599","9.523","9.788","9.367","17.63M","0.79%"
"03/28/2024","9.523","9.436","9.652","9.303","14.88M","0.95%"
"03/27/2024","9.433","9.688","9.794","9.338","18.98M","-2.61%"
"03/26/2024","9.687","9.730","10.052","9.533","22.41M","-0.45%"
"03/25/2024","9.730","9.369","9.821","9.302","26.00M","3.86%"
"03/24/2024","9.369","8.986","9.423","8.966","9.54M","4.26%"
"03/23/2024","8.986","8.925","9.211","8.866","9.29M","0.69%"
"03/22/2024","8.925","9.178","9.351","8.711","16.48M","-2.75%"
"03/21/2024","9.178","9.479","9.573","9.096","20.63M","-3.22%"
"03/20/2024","9.483","8.780","9.545","8.516","34.55M","8.01%"
"03/19/2024","8.780","9.905","9.971","8.620","41.74M","-11.36%"
"03/18/2024","9.905","10.074","10.435","9.639","26.73M","-1.68%"
"03/17/2024","10.074","9.679","10.236","9.246","25.90M","3.99%"
"03/16/2024","9.688","10.820","10.876","9.521","38.53M","-10.59%"
"03/15/2024","10.836","11.554","11.691","10.133","57.89M","-6.22%"
"03/14/2024","11.554","11.324","11.837","10.738","57.79M","2.03%"
"03/13/2024","11.324","10.738","11.324","10.646","33.69M","5.46%"
"03/12/2024","10.738","11.048","11.119","10.188","33.78M","-2.80%"
"03/11/2024","11.047","10.264","11.227","9.881","41.83M","7.63%"
"03/10/2024","10.264","10.499","10.556","10.000","20.93M","-2.24%"
"03/09/2024","10.499","10.638","10.940","10.426","25.87M","-1.31%"
"03/08/2024","10.639","10.408","10.690","10.027","16.68M","2.22%"
"03/07/2024","10.408","10.515","10.967","10.259","33.33M","-1.03%"
"03/06/2024","10.516","9.330","10.546","8.959","47.17M","12.81%"
"03/05/2024","9.322","9.871","10.734","8.563","85.30M","-5.57%"
"03/04/2024","9.871","9.782","10.294","9.645","56.18M","0.91%"
"03/03/2024","9.782","9.456","9.878","8.768","62.07M","3.45%"
"03/02/2024","9.456","8.664","9.456","8.616","34.79M","9.12%"
"03/01/2024","8.665","8.259","8.668","8.259","67.74M","4.92%"
"02/29/2024","8.259","8.345","8.885","8.059","30.78M","-1.03%"
"02/28/2024","8.345","8.363","8.597","7.837","37.65M","-0.23%"
"02/27/2024","8.364","8.113","8.440","8.035","80.26M","3.10%"
"02/26/2024","8.113","7.922","8.113","7.585","17.05M","2.41%"
"02/25/2024","7.922","7.821","7.937","7.681","8.85M","1.31%"
"02/24/2024","7.820","7.565","7.885","7.437","19.01M","3.44%"
"02/23/2024","7.560","7.479","7.640","7.277","7.14M","1.08%"
"02/22/2024","7.479","7.471","7.672","7.288","12.60M","0.11%"
"02/21/2024","7.471","7.733","7.733","7.260","16.73M","-3.40%"
"02/20/2024","7.734","8.019","8.105","7.473","24.66M","-3.55%"
"02/19/2024","8.019","7.851","8.134","7.668","20.67M","2.14%"
"02/18/2024","7.851","7.705","7.909","7.694","9.45M","1.89%"
"02/17/2024","7.705","7.652","7.705","7.352","10.21M","0.70%"
"02/16/2024","7.651","7.778","7.861","7.557","19.79M","-1.61%"
"02/15/2024","7.777","7.650","7.940","7.545","62.43M","1.65%"
"02/14/2024","7.651","7.353","7.707","7.278","88.35M","4.05%"
"02/13/2024","7.353","7.338","7.445","7.158","14.71M","0.20%"
"02/12/2024","7.338","7.096","7.368","6.995","16.79M","3.42%"
"02/11/2024","7.096","7.201","7.331","7.081","10.50M","-1.46%"
"02/10/2024","7.201","7.192","7.286","7.067","8.34M","0.12%"
"02/09/2024","7.193","7.015","7.303","6.961","16.72M","2.53%"
"02/08/2024","7.015","6.941","7.102","6.874","14.01M","1.08%"
"02/07/2024","6.940","6.805","6.960","6.676","19.75M","1.98%"
"02/06/2024","6.805","6.735","6.828","6.651","8.21M","1.05%"
"02/05/2024","6.735","6.667","6.969","6.603","10.25M","1.01%"
"02/04/2024","6.667","6.827","6.827","6.664","11.47M","-2.34%"
"02/03/2024","6.827","6.943","7.008","6.823","5.58M","-1.67%"
"02/02/2024","6.943","6.792","7.022","6.770","9.63M","2.23%"
"02/01/2024","6.792","6.654","6.812","6.561","9.67M","2.06%"
"01/31/2024","6.654","6.833","6.884","6.600","13.33M","-2.61%"
"01/30/2024","6.833","7.038","7.076","6.827","14.68M","-2.91%"
"01/29/2024","7.038","6.863","7.288","6.715","25.93M","2.66%"
"01/28/2024","6.856","6.669","6.856","6.579","12.70M","2.80%"
"01/27/2024","6.669","6.670","6.734","6.541","9.44M","0.00%"
"01/26/2024","6.669","6.437","6.726","6.362","13.18M","3.62%"
"01/25/2024","6.437","6.461","6.567","6.351","8.42M","-0.38%"
"01/24/2024","6.461","6.363","6.542","6.264","10.17M","1.54%"
"01/23/2024","6.363","6.342","6.454","5.985","15.68M","0.33%"
"01/22/2024","6.342","6.815","6.848","6.306","17.46M","-6.95%"
"01/21/2024","6.815","6.910","6.973","6.806","5.57M","-1.37%"
"01/20/2024","6.910","6.895","6.950","6.781","6.58M","0.21%"
"01/19/2024","6.895","7.012","7.051","6.575","12.92M","-1.66%"
"01/18/2024","7.012","7.348","7.389","6.843","13.64M","-4.57%"
"01/17/2024","7.348","7.490","7.597","7.262","29.92M","-1.90%"
"01/16/2024","7.490","7.508","7.675","7.342","9.21M","-0.24%"
"01/15/2024","7.508","7.324","7.687","7.319","8.70M","2.51%"
"01/14/2024","7.324","7.617","7.697","7.323","7.23M","-3.85%"
"01/13/2024","7.617","7.568","7.748","7.382","9.38M","0.65%"
"01/12/2024","7.568","8.149","8.209","7.328","18.24M","-7.13%"
"01/11/2024","8.149","7.988","8.577","7.860","26.95M","2.02%"
"01/10/2024","7.988","7.126","8.079","6.834","20.87M","12.10%"
"01/09/2024","7.126","7.483","7.521","6.917","14.47M","-4.78%"
"01/08/2024","7.483","6.896","7.504","6.516","17.68M","8.51%"
"01/07/2024","6.896","7.131","7.321","6.824","9.84M","-3.29%"
"01/06/2024","7.131","7.446","7.446","6.945","9.72M","-4.21%"
"01/05/2024","7.445","7.875","7.949","7.222","23.63M","-5.47%"
"01/04/2024","7.876","7.629","7.986","7.485","8.01M","3.22%"
"01/03/2024","7.630","8.410","8.573","6.654","15.79M","-9.28%"
"01/02/2024","8.410","8.596","8.803","8.342","14.20M","-2.16%"
"01/01/2024","8.596","8.204","8.629","8.065","10.98M","4.78%"
"12/31/2023","8.204","8.344","8.632","8.031","14.02M","-1.68%"
"12/30/2023","8.344","8.291","8.486","8.105","9.89M","0.64%"
"12/29/2023","8.291","8.427","8.680","8.091","23.78M","-1.62%"
"12/28/2023","8.428","8.690","8.912","8.278","10.61M","-3.01%"
"12/27/2023","8.690","8.811","9.010","8.413","20.98M","-1.38%"
"12/26/2023","8.811","9.190","9.582","8.400","30.98M","-4.12%"
"12/25/2023","9.190","8.613","9.391","8.506","20.72M","6.66%"
"12/24/2023","8.615","8.340","9.196","8.324","54.63M","3.30%"
"12/23/2023","8.340","7.952","8.440","7.589","26.19M","4.87%"
"12/22/2023","7.953","8.428","8.554","7.846","17.29M","-5.64%"
"12/21/2023","8.428","6.949","8.428","6.919","56.13M","21.28%"
"12/20/2023","6.949","6.707","7.131","6.625","18.09M","3.60%"
"12/19/2023","6.707","6.883","7.039","6.618","11.68M","-2.51%"
"12/18/2023","6.880","6.787","6.884","6.391","16.48M","1.37%"
"12/17/2023","6.787","7.092","7.162","6.753","13.96M","-4.31%"
"12/16/2023","7.092","6.951","7.347","6.869","13.65M","2.03%"
"12/15/2023","6.951","7.508","7.563","6.931","22.24M","-7.42%"
"12/14/2023","7.508","7.609","7.768","7.093","26.27M","-1.32%"
"12/13/2023","7.609","7.131","7.640","6.642","23.82M","6.71%"
"12/12/2023","7.131","6.709","7.326","6.697","14.55M","6.27%"
"12/11/2023","6.710","7.345","7.354","6.328","26.09M","-8.63%"
"12/10/2023","7.344","7.102","7.348","6.967","14.02M","3.40%"
"12/09/2023","7.102","6.836","7.686","6.833","35.25M","3.89%"
"12/08/2023","6.836","6.243","6.909","6.168","23.65M","9.50%"
"12/07/2023","6.243","6.046","6.296","5.908","16.98M","3.26%"
"12/06/2023","6.046","5.906","6.200","5.796","23.33M","2.37%"
"12/05/2023","5.906","5.634","5.943","5.515","24.28M","4.83%"
"12/04/2023","5.634","5.541","5.719","5.473","17.78M","1.64%"
"12/03/2023","5.543","5.562","5.617","5.436","9.18M","-0.36%"
"12/02/2023","5.563","5.472","5.602","5.451","7.85M","1.69%"
"12/01/2023","5.471","5.469","5.524","5.370","8.22M","0.03%"
"11/30/2023","5.469","5.160","5.577","5.120","19.81M","5.98%"
"11/29/2023","5.160","5.273","5.377","5.153","10.44M","-2.14%"
"11/28/2023","5.273","5.155","5.312","5.106","11.29M","2.29%"
"11/27/2023","5.155","5.329","5.372","5.038","13.03M","-3.10%"
"11/26/2023","5.320","5.328","5.413","5.182","8.91M","-0.15%"
"11/25/2023","5.328","5.241","5.382","5.216","6.62M","1.66%"
"11/24/2023","5.241","5.135","5.293","5.120","11.92M","2.06%"
"11/23/2023","5.135","5.173","5.218","5.089","6.44M","-0.73%"
"11/22/2023","5.173","4.859","5.285","4.858","13.55M","6.23%"
"11/21/2023","4.869","5.301","5.325","4.839","20.92M","-8.14%"
"11/20/2023","5.301","5.434","5.569","5.272","13.00M","-2.46%"
"11/19/2023","5.435","5.289","5.480","5.180","11.21M","2.75%"
"11/18/2023","5.289","5.243","5.290","5.001","10.78M","0.88%"
"11/17/2023","5.243","5.353","5.485","5.060","14.08M","-2.06%"
"11/16/2023","5.353","5.566","5.803","5.297","23.50M","-3.82%"
"11/15/2023","5.566","5.196","5.635","5.188","18.36M","7.12%"
"11/14/2023","5.196","5.348","5.520","5.026","19.00M","-2.85%"
"11/13/2023","5.348","5.712","5.882","5.348","21.21M","-6.37%"
"11/12/2023","5.712","5.560","5.849","5.359","26.11M","2.74%"
"11/11/2023","5.560","5.301","5.679","5.103","28.20M","4.89%"
"11/10/2023","5.301","5.090","5.313","4.993","19.18M","4.16%"
"11/09/2023","5.089","5.034","5.262","4.690","25.99M","1.10%"
"11/08/2023","5.034","4.927","5.089","4.861","23.34M","2.17%"
"11/07/2023","4.927","4.964","5.005","4.722","13.64M","-0.75%"
"11/06/2023","4.964","4.763","4.992","4.679","24.81M","4.22%"
"11/05/2023","4.763","4.681","4.906","4.657","25.50M","1.76%"
"11/04/2023","4.681","4.610","4.776","4.587","7.72M","1.54%"
"11/03/2023","4.610","4.629","4.640","4.458","10.36M","-0.41%"
"11/02/2023","4.629","4.731","4.795","4.532","15.60M","-2.15%"
"11/01/2023","4.731","4.449","4.796","4.322","18.32M","6.29%"
"10/31/2023","4.451","4.524","4.598","4.300","14.98M","-1.64%"
"10/30/2023","4.525","4.315","4.530","4.233","14.08M","4.87%"
"10/29/2023","4.315","4.181","4.354","4.127","7.09M","3.22%"
"10/28/2023","4.181","4.135","4.224","4.132","20.84M","1.10%"
"10/27/2023","4.135","4.234","4.234","4.055","11.04M","-2.34%"
"10/26/2023","4.234","4.291","4.450","4.158","12.27M","-1.32%"
"10/25/2023","4.291","4.189","4.353","4.151","10.59M","2.44%"
"10/24/2023","4.189","4.358","4.417","4.125","19.92M","-3.89%"
"10/23/2023","4.358","3.967","4.365","3.925","18.74M","9.87%"
"10/22/2023","3.967","3.909","3.972","3.814","7.22M","1.48%"
"10/21/2023","3.909","3.718","3.976","3.708","7.76M","5.15%"
"10/20/2023","3.718","3.648","3.798","3.638","49.27M","1.92%"
"10/19/2023","3.648","3.654","3.659","3.581","14.46M","-0.17%"
"10/18/2023","3.654","3.670","3.723","3.631","3.54M","-0.53%"
"10/17/2023","3.674","3.778","3.778","3.647","13.74M","-2.77%"
"10/16/2023","3.778","3.753","3.883","3.738","8.06M","0.67%"
"10/15/2023","3.753","3.735","3.775","3.707","3.27M","0.48%"
"10/14/2023","3.735","3.720","3.762","3.718","2.11M","0.41%"
"10/13/2023","3.720","3.676","3.766","3.668","3.57M","1.18%"
"10/12/2023","3.676","3.740","3.740","3.637","38.56M","-1.68%"
"10/11/2023","3.739","3.811","3.823","3.700","6.73M","-1.88%"
"10/10/2023","3.811","3.880","3.894","3.781","4.57M","-1.79%"
"10/09/2023","3.880","4.012","4.029","3.787","8.97M","-3.29%"
"10/08/2023","4.012","4.051","4.071","4.002","2.96M","-0.97%"
"10/07/2023","4.051","4.068","4.112","4.047","2.19M","-0.42%"
"10/06/2023","4.068","4.020","4.093","4.000","2.91M","1.19%"
"10/05/2023","4.020","4.042","4.074","4.004","3.59M","-0.55%"
"10/04/2023","4.042","4.077","4.077","3.985","5.36M","-0.85%"
"10/03/2023","4.077","4.118","4.162","4.052","3.28M","-1.00%"
"10/02/2023","4.118","4.261","4.300","4.083","8.08M","-3.35%"
"10/01/2023","4.261","4.103","4.288","4.102","4.77M","3.85%"
"09/30/2023","4.103","4.074","4.118","4.072","2.65M","0.71%"
"09/29/2023","4.074","4.073","4.117","4.058","4.31M","0.04%"
"09/28/2023","4.073","3.992","4.097","3.982","9.80M","2.00%"
"09/27/2023","3.992","4.013","4.074","3.969","13.40M","-0.51%"
"09/26/2023","4.013","4.066","4.091","3.988","4.48M","-1.31%"
"09/25/2023","4.066","3.993","4.090","3.957","9.56M","1.84%"
"09/24/2023","3.993","4.033","4.057","3.977","2.27M","-0.98%"
"09/23/2023","4.033","4.018","4.037","4.001","3.10M","0.37%"
"09/22/2023","4.018","4.012","4.036","3.986","5.09M","0.15%"
"09/21/2023","4.012","4.140","4.166","4.002","7.28M","-3.09%"
"09/20/2023","4.140","4.151","4.167","4.078","26.48M","-0.34%"
"09/19/2023","4.153","4.106","4.167","4.080","76.51M","1.16%"
"09/18/2023","4.106","4.071","4.219","4.019","6.15M","0.83%"
"09/17/2023","4.072","4.185","4.189","4.049","3.66M","-2.70%"
"09/16/2023","4.185","4.138","4.224","4.135","3.93M","1.14%"
"09/15/2023","4.138","4.058","4.170","4.046","4.89M","1.97%"
"09/14/2023","4.058","3.998","4.088","3.974","5.91M","1.50%"
"09/13/2023","3.998","3.985","4.095","3.950","5.22M","0.33%"
"09/12/2023","3.985","3.989","4.089","3.964","6.84M","-0.09%"
"09/11/2023","3.989","4.149","4.153","3.913","11.15M","-3.88%"
"09/10/2023","4.149","4.237","4.238","4.107","7.91M","-2.07%"
"09/09/2023","4.237","4.253","4.277","4.236","1.71M","-0.38%"
"09/08/2023","4.253","4.293","4.331","4.210","11.60M","-0.91%"
"09/07/2023","4.293","4.272","4.306","4.235","4.31M","0.49%"
"09/06/2023","4.272","4.257","4.281","4.192","4.78M","0.37%"
"09/05/2023","4.256","4.260","4.301","4.208","3.85M","-0.09%"
"09/04/2023","4.260","4.258","4.317","4.195","5.32M","0.05%"
"09/03/2023","4.258","4.261","4.299","4.229","6.39M","-0.08%"
"09/02/2023","4.261","4.217","4.272","4.204","2.86M","1.04%"
"09/01/2023","4.217","4.271","4.294","4.141","6.75M","-1.23%"
"08/31/2023","4.270","4.534","4.534","4.243","31.54M","-5.83%"
"08/30/2023","4.534","4.678","4.678","4.522","6.56M","-3.04%"
"08/29/2023","4.676","4.610","4.795","4.542","9.19M","1.43%"
"08/28/2023","4.610","4.489","4.621","4.424","6.38M","2.69%"
"08/27/2023","4.489","4.507","4.539","4.462","2.60M","-0.40%"
"08/26/2023","4.507","4.491","4.514","4.476","2.76M","0.34%"
"08/25/2023","4.491","4.424","4.494","4.362","7.58M","1.53%"
"08/24/2023","4.424","4.488","4.517","4.370","4.00M","-1.42%"
"08/23/2023","4.488","4.423","4.535","4.379","31.79M","1.46%"
"08/22/2023","4.423","4.427","4.449","4.260","5.20M","-0.09%"
"08/21/2023","4.427","4.519","4.537","4.372","3.40M","-2.02%"
"08/20/2023","4.518","4.516","4.532","4.467","2.21M","0.05%"
"08/19/2023","4.516","4.510","4.552","4.456","2.08M","0.10%"
"08/18/2023","4.511","4.433","4.559","4.367","95.83M","1.77%"
"08/17/2023","4.433","4.674","4.810","4.322","10.14M","-5.15%"
"08/16/2023","4.674","4.818","4.840","4.548","14.84M","-3.00%"
"08/15/2023","4.818","4.989","4.998","4.694","4.45M","-3.44%"
"08/14/2023","4.989","4.991","5.054","4.959","4.50M","-0.04%"
"08/13/2023","4.991","5.040","5.044","4.970","10.65M","-0.96%"
"08/12/2023","5.040","5.007","5.044","4.997","1.67M","0.62%"
"08/11/2023","5.009","5.006","5.020","4.966","2.09M","0.06%"
"08/10/2023","5.006","5.059","5.067","4.979","2.41M","-1.05%"
"08/09/2023","5.059","5.060","5.105","5.003","2.89M","-0.02%"
"08/08/2023","5.060","4.971","5.095","4.936","2.89M","1.80%"
"08/07/2023","4.971","5.005","5.046","4.854","3.62M","-0.70%"
"08/06/2023","5.006","4.975","5.045","4.959","24.83M","0.63%"
"08/05/2023","4.974","4.993","4.996","4.931","789.54K","-0.38%"
"08/04/2023","4.993","4.979","5.042","4.955","5.39M","0.29%"
"08/03/2023","4.979","5.061","5.072","4.952","4.93M","-1.62%"
"08/02/2023","5.061","5.208","5.217","5.012","37.85M","-2.72%"
"08/01/2023","5.202","5.107","5.205","4.997","5.42M","1.86%"
"07/31/2023","5.107","5.184","5.258","5.060","4.72M","-1.49%"
"07/30/2023","5.184","5.248","5.275","5.106","3.60M","-1.22%"
"07/29/2023","5.248","5.219","5.258","5.207","1.80M","0.63%"
"07/28/2023","5.215","5.237","5.272","5.164","3.57M","-0.42%"
"07/27/2023","5.237","5.235","5.336","5.187","3.35M","0.04%"
"07/26/2023","5.235","5.175","5.295","5.124","3.51M","1.16%"
"07/25/2023","5.175","5.210","5.252","5.133","3.58M","-0.67%"
"07/24/2023","5.210","5.392","5.414","5.122","7.01M","-3.38%"
"07/23/2023","5.392","5.314","5.484","5.279","4.54M","1.51%"
"07/22/2023","5.312","5.486","5.517","5.270","4.63M","-3.16%"
"07/21/2023","5.485","5.355","5.698","5.340","11.04M","2.43%"
"07/20/2023","5.355","5.193","5.483","5.184","7.98M","3.21%"
"07/19/2023","5.188","5.181","5.257","5.139","4.87M","0.14%"
"07/18/2023","5.181","5.304","5.384","5.115","7.56M","-2.32%"
"07/17/2023","5.304","5.311","5.415","5.176","6.54M","-0.13%"
"07/16/2023","5.311","5.432","5.448","5.271","4.37M","-2.21%"
"07/15/2023","5.431","5.454","5.561","5.386","9.65M","-0.43%"
"07/14/2023","5.454","5.543","5.714","5.300","13.23M","-1.61%"
"07/13/2023","5.543","5.147","5.550","5.103","11.59M","7.68%"
"07/12/2023","5.148","5.214","5.308","5.104","5.32M","-1.27%"
"07/11/2023","5.214","5.132","5.217","5.090","3.42M","1.60%"
"07/10/2023","5.132","5.081","5.230","4.992","5.19M","1.03%"
"07/09/2023","5.080","5.129","5.160","5.064","6.09M","-0.96%"
"07/08/2023","5.129","5.118","5.195","5.058","2.45M","0.22%"
"07/07/2023","5.118","5.015","5.178","4.986","18.02M","2.04%"
"07/06/2023","5.015","5.205","5.362","5.012","6.27M","-3.64%"
"07/05/2023","5.205","5.343","5.379","5.119","5.84M","-2.58%"
"07/04/2023","5.343","5.425","5.508","5.263","6.57M","-1.51%"
"07/03/2023","5.425","5.498","5.630","5.385","8.12M","-1.33%"
"07/02/2023","5.498","5.351","5.526","5.233","9.06M","2.75%"
"07/01/2023","5.351","5.182","5.365","5.112","10.24M","3.26%"
"06/30/2023","5.182","4.985","5.198","4.833","13.84M","3.93%"
"06/29/2023","4.986","4.876","5.224","4.872","10.15M","2.25%"
"06/28/2023","4.876","5.096","5.099","4.756","7.13M","-4.32%"
"06/27/2023","5.096","5.023","5.152","5.006","5.22M","1.45%"
"06/26/2023","5.023","5.195","5.234","5.006","10.69M","-3.31%"
"06/25/2023","5.195","5.008","5.243","5.004","9.17M","3.73%"
"06/24/2023","5.008","5.098","5.136","4.934","5.78M","-1.77%"
"06/23/2023","5.098","4.825","5.138","4.822","9.92M","5.65%"
"06/22/2023","4.825","4.822","4.975","4.772","8.64M","0.06%"
"06/21/2023","4.822","4.661","4.856","4.637","9.85M","3.46%"
"06/20/2023","4.661","4.530","4.677","4.377","6.87M","2.90%"
"06/19/2023","4.530","4.536","4.588","4.439","5.05M","-0.13%"
"06/18/2023","4.536","4.529","4.666","4.484","5.15M","0.16%"
"06/17/2023","4.529","4.422","4.565","4.396","4.77M","2.42%"
"06/16/2023","4.422","4.374","4.461","4.296","6.69M","1.08%"
"06/15/2023","4.374","4.569","4.617","4.275","104.58M","-4.26%"
"06/14/2023","4.569","4.628","4.800","4.514","7.38M","-1.24%"
"06/13/2023","4.626","4.535","4.709","4.498","13.52M","2.01%"
"06/12/2023","4.535","4.522","4.553","4.427","5.63M","0.25%"
"06/11/2023","4.523","4.518","4.552","4.432","20.02M","0.11%"
"06/10/2023","4.518","4.980","4.984","4.216","24.58M","-9.27%"
"06/09/2023","4.980","5.023","5.070","4.932","3.97M","-0.85%"
"06/08/2023","5.023","5.022","5.057","4.980","6.86M","0.01%"
"06/07/2023","5.022","5.203","5.209","4.983","5.86M","-3.48%"
"06/06/2023","5.203","5.067","5.266","4.990","6.37M","2.68%"
"06/05/2023","5.067","5.314","5.322","4.911","11.24M","-4.68%"
"06/04/2023","5.316","5.340","5.382","5.311","3.78M","-0.44%"
"06/03/2023","5.339","5.278","5.339","5.244","3.79M","1.16%"
"06/02/2023","5.278","5.207","5.298","5.172","5.84M","1.36%"
"06/01/2023","5.207","5.316","5.333","5.193","4.87M","-2.05%"
"05/31/2023","5.316","5.441","5.461","5.270","5.65M","-2.30%"
"05/30/2023","5.441","5.459","5.527","5.417","11.36M","-0.34%"
"05/29/2023","5.460","5.502","5.539","5.417","3.99M","-0.76%"
"05/28/2023","5.502","5.335","5.561","5.317","6.50M","3.12%"
"05/27/2023","5.335","5.245","5.374","5.232","3.92M","1.71%"
"05/26/2023","5.245","5.245","5.273","5.191","5.29M","0.01%"
"05/25/2023","5.245","5.251","5.293","5.147","4.41M","-0.12%"
"05/24/2023","5.251","5.401","5.402","5.197","4.85M","-2.76%"
"05/23/2023","5.400","5.311","5.447","5.294","3.68M","1.68%"
"05/22/2023","5.311","5.273","5.337","5.231","3.70M","0.72%"
"05/21/2023","5.273","5.411","5.430","5.254","3.21M","-2.55%"
"05/20/2023","5.411","5.372","5.445","5.332","3.13M","0.73%"
"05/19/2023","5.372","5.338","5.390","5.320","3.90M","0.64%"
"05/18/2023","5.338","5.415","5.465","5.248","6.00M","-1.42%"
"05/17/2023","5.415","5.297","5.438","5.225","5.90M","2.22%"
"05/16/2023","5.297","5.314","5.337","5.234","11.11M","-0.31%"
"05/15/2023","5.314","5.347","5.429","5.272","4.40M","-0.66%"
"05/14/2023","5.349","5.346","5.444","5.313","2.97M","0.05%"
"05/13/2023","5.346","5.342","5.395","5.316","2.97M","0.12%"
"05/12/2023","5.340","5.278","5.348","5.141","6.19M","1.18%"
"05/11/2023","5.278","5.463","5.468","5.183","5.80M","-3.41%"
"05/10/2023","5.464","5.323","5.519","5.223","8.33M","2.65%"
"05/09/2023","5.323","5.369","5.408","5.291","4.93M","-0.86%"
"05/08/2023","5.369","5.629","5.648","5.186","10.51M","-4.62%"
"05/07/2023","5.629","5.635","5.700","5.602","3.15M","-0.10%"
"05/06/2023","5.635","5.847","5.889","5.596","4.54M","-3.63%"
"05/05/2023","5.847","5.671","5.899","5.665","5.71M","3.10%"
"05/04/2023","5.671","5.778","5.798","5.622","3.41M","-1.85%"
"05/03/2023","5.778","5.713","5.808","5.559","5.84M","1.14%"
"05/02/2023","5.713","5.664","5.754","5.627","4.78M","0.78%"
"05/01/2023","5.669","5.874","5.908","5.605","6.82M","-3.49%"
"04/30/2023","5.874","6.040","6.085","5.845","5.40M","-2.75%"
"04/29/2023","6.040","5.947","6.055","5.925","4.41M","1.55%"
"04/28/2023","5.948","5.970","5.978","5.787","6.62M","-0.37%"
"04/27/2023","5.970","5.852","6.046","5.831","7.61M","2.02%"
"04/26/2023","5.852","5.998","6.216","5.610","12.59M","-2.43%"
"04/25/2023","5.998","5.884","6.010","5.781","5.66M","1.94%"
"04/24/2023","5.884","5.904","6.010","5.807","5.79M","-0.34%"
"04/23/2023","5.904","5.949","5.972","5.779","5.01M","-0.76%"
"04/22/2023","5.949","5.850","5.976","5.822","4.25M","1.69%"
"04/21/2023","5.850","6.110","6.169","5.786","9.66M","-4.23%"
"04/20/2023","6.108","6.307","6.435","6.065","11.22M","-3.28%"
"04/19/2023","6.315","6.913","6.918","6.247","12.54M","-8.66%"
"04/18/2023","6.914","6.697","6.982","6.597","5.46M","3.24%"
"04/17/2023","6.697","6.827","6.830","6.636","8.77M","-1.90%"
"04/16/2023","6.827","6.800","6.871","6.680","15.14M","0.41%"
"04/15/2023","6.799","6.731","6.848","6.633","15.09M","1.09%"
"04/14/2023","6.725","6.636","6.840","6.539","13.72M","1.34%"
"04/13/2023","6.636","6.402","6.649","6.350","9.56M","3.66%"
"04/12/2023","6.402","6.416","6.469","6.220","9.37M","-0.22%"
"04/11/2023","6.416","6.291","6.488","6.278","8.79M","1.99%"
"04/10/2023","6.291","6.211","6.311","6.119","5.42M","1.29%"
"04/09/2023","6.211","6.131","6.260","6.100","4.41M","1.31%"
"04/08/2023","6.131","6.176","6.233","6.096","8.39M","-0.74%"
"04/07/2023","6.176","6.280","6.317","6.136","5.50M","-1.65%"
"04/06/2023","6.280","6.406","6.415","6.258","5.63M","-1.98%"
"04/05/2023","6.407","6.439","6.582","6.327","7.60M","-0.45%"
"04/04/2023","6.436","6.420","6.529","6.368","9.08M","0.25%"
"04/03/2023","6.420","6.261","6.499","6.094","10.98M","2.54%"
"04/02/2023","6.261","6.344","6.442","6.185","6.22M","-1.31%"
"04/01/2023","6.344","6.343","6.390","6.208","12.95M","0.02%"
"03/31/2023","6.343","6.123","6.381","6.101","8.99M","3.58%"
"03/30/2023","6.124","6.183","6.287","6.029","8.10M","-0.96%"
"03/29/2023","6.183","6.057","6.280","6.049","7.76M","2.10%"
"03/28/2023","6.056","5.867","6.103","5.794","5.95M","3.23%"
"03/27/2023","5.866","6.045","6.111","5.754","7.13M","-2.97%"
"03/26/2023","6.046","5.907","6.105","5.880","1.92M","2.35%"
"03/25/2023","5.907","6.019","6.078","5.834","4.58M","-1.85%"
"03/24/2023","6.019","6.320","6.336","5.951","4.11M","-4.77%"
"03/23/2023","6.320","6.056","6.418","5.992","8.95M","4.47%"
"03/22/2023","6.050","6.363","6.385","5.916","14.19M","-4.93%"
"03/21/2023","6.363","6.089","6.451","6.007","11.62M","4.49%"
"03/20/2023","6.090","6.457","6.482","6.056","11.34M","-5.53%"
"03/19/2023","6.447","6.313","6.596","6.313","5.11M","2.17%"
"03/18/2023","6.310","6.618","6.696","6.285","6.88M","-4.79%"
"03/17/2023","6.627","6.091","6.629","6.027","8.25M","8.79%"
"03/16/2023","6.092","5.874","6.136","5.783","6.32M","3.71%"
"03/15/2023","5.874","6.230","6.368","5.784","18.65M","-5.71%"
"03/14/2023","6.229","6.102","6.535","5.988","21.07M","2.09%"
"03/13/2023","6.102","5.886","6.142","5.712","21.59M","3.65%"
"03/12/2023","5.887","5.465","5.892","5.369","7.12M","7.69%"
"03/11/2023","5.466","5.549","5.671","5.230","7.98M","-1.49%"
"03/10/2023","5.549","5.388","5.581","5.163","19.67M","2.99%"
"03/09/2023","5.388","5.600","5.798","5.278","15.68M","-3.78%"
"03/08/2023","5.600","5.846","5.937","5.522","13.78M","-4.21%"
"03/07/2023","5.846","5.919","6.011","5.746","9.74M","-1.24%"
"03/06/2023","5.919","5.976","6.041","5.869","5.74M","-0.95%"
"03/05/2023","5.976","5.918","6.057","5.901","54.62M","1.01%"
"03/04/2023","5.916","6.035","6.053","5.739","28.92M","-1.98%"
"03/03/2023","6.035","6.332","6.336","5.823","11.63M","-4.69%"
"03/02/2023","6.332","6.536","6.549","6.231","6.14M","-3.12%"
"03/01/2023","6.536","6.345","6.590","6.317","8.77M","3.01%"
"02/28/2023","6.345","6.580","6.597","6.281","8.52M","-3.57%"
"02/27/2023","6.580","6.689","6.781","6.497","8.99M","-1.65%"
"02/26/2023","6.690","6.545","6.726","6.503","13.66M","2.22%"
"02/25/2023","6.545","6.614","6.649","6.346","7.27M","-1.04%"
"02/24/2023","6.614","7.093","7.144","6.474","15.34M","-6.75%"
"02/23/2023","7.093","7.186","7.381","7.017","6.23M","-1.31%"
"02/22/2023","7.186","7.249","7.264","6.884","30.82M","-0.86%"
"02/21/2023","7.249","7.549","7.566","7.125","13.70M","-3.94%"
"02/20/2023","7.546","7.450","7.562","7.269","16.15M","1.29%"
"02/19/2023","7.450","7.234","7.861","7.187","30.58M","2.99%"
"02/18/2023","7.234","7.285","7.369","7.118","16.81M","-0.70%"
"02/17/2023","7.285","6.327","7.411","6.299","37.18M","15.06%"
"02/16/2023","6.331","6.613","6.741","6.323","18.97M","-4.25%"
"02/15/2023","6.612","6.226","6.615","6.162","13.96M","6.20%"
"02/14/2023","6.226","6.131","6.258","6.015","11.12M","1.55%"
"02/13/2023","6.131","6.180","6.242","5.886","13.30M","-0.79%"
"02/12/2023","6.180","6.278","6.382","6.086","4.89M","-1.56%"
"02/11/2023","6.278","6.187","6.290","6.160","3.52M","1.47%"
"02/10/2023","6.187","6.236","6.305","6.130","10.49M","-0.78%"
"02/09/2023","6.236","6.757","6.973","6.113","21.95M","-7.62%"
"02/08/2023","6.750","6.941","6.997","6.630","9.97M","-2.75%"
"02/07/2023","6.941","6.492","6.947","6.482","11.47M","6.95%"
"02/06/2023","6.490","6.637","6.788","6.452","9.85M","-2.22%"
"02/05/2023","6.637","6.875","6.891","6.516","10.97M","-3.46%"
"02/04/2023","6.875","7.007","7.066","6.828","8.07M","-1.89%"
"02/03/2023","7.007","6.545","7.115","6.515","21.42M","7.07%"
"02/02/2023","6.544","6.466","6.880","6.455","9.26M","1.29%"
"02/01/2023","6.461","6.261","6.489","6.034","12.10M","3.19%"
"01/31/2023","6.262","6.190","6.320","6.148","4.06M","1.15%"
"01/30/2023","6.190","6.613","6.647","6.050","11.50M","-6.40%"
"01/29/2023","6.613","6.401","6.695","6.336","9.79M","3.31%"
"01/28/2023","6.401","6.581","6.659","6.330","8.08M","-2.73%"
"01/27/2023","6.581","6.477","6.621","6.300","11.22M","1.61%"
"01/26/2023","6.477","6.392","6.554","6.305","14.17M","1.33%"
"01/25/2023","6.392","6.189","6.552","6.021","15.34M","3.28%"
"01/24/2023","6.189","6.559","6.704","6.127","12.92M","-5.64%"
"01/23/2023","6.559","6.205","6.807","6.202","21.35M","5.70%"
"01/22/2023","6.205","6.235","6.454","6.090","11.87M","-0.48%"
"01/21/2023","6.235","6.263","6.450","6.073","17.21M","-0.45%"
"01/20/2023","6.263","5.804","6.281","5.757","5.93M","7.91%"
"01/19/2023","5.804","5.651","5.842","5.651","6.96M","2.70%"
"01/18/2023","5.652","5.947","6.207","5.616","10.55M","-4.97%"
"01/17/2023","5.947","5.811","6.197","5.721","16.23M","2.31%"
"01/16/2023","5.813","5.930","6.084","5.644","15.71M","-1.97%"
"01/15/2023","5.930","6.024","6.057","5.777","12.29M","-1.56%"
"01/14/2023","6.024","5.400","6.488","5.396","32.83M","11.56%"
"01/13/2023","5.400","5.233","5.420","5.164","10.01M","3.19%"
"01/12/2023","5.233","5.135","5.254","5.025","12.48M","1.94%"
"01/11/2023","5.133","4.920","5.137","4.831","9.32M","4.34%"
"01/10/2023","4.920","4.888","4.968","4.830","5.98M","0.57%"
"01/09/2023","4.892","4.823","5.068","4.802","13.49M","1.44%"
"01/08/2023","4.823","4.665","4.823","4.605","6.66M","3.38%"
"01/07/2023","4.665","4.683","4.705","4.639","4.90M","-0.38%"
"01/06/2023","4.683","4.620","4.704","4.554","10.01M","1.38%"
"01/05/2023","4.620","4.632","4.649","4.546","6.08M","-0.26%"
"01/04/2023","4.632","4.526","4.686","4.526","6.58M","2.32%"
"01/03/2023","4.527","4.490","4.545","4.469","4.07M","0.82%"
"01/02/2023","4.490","4.369","4.526","4.322","9.80M","2.77%"
"01/01/2023","4.369","4.300","4.386","4.277","3.15M","1.62%"
"12/31/2022","4.300","4.324","4.394","4.299","3.69M","-0.54%"
"12/30/2022","4.323","4.309","4.341","4.235","2.42M","0.34%"
"12/29/2022","4.309","4.286","4.351","4.231","5.20M","0.56%"
"12/28/2022","4.285","4.478","4.482","4.253","11.80M","-4.35%"
"12/27/2022","4.480","4.572","4.579","4.467","8.96M","-2.01%"
"12/26/2022","4.572","4.494","4.576","4.465","4.20M","1.74%"
"12/25/2022","4.494","4.452","4.497","4.402","3.55M","0.94%"
"12/24/2022","4.452","4.473","4.490","4.430","2.72M","-0.47%"
"12/23/2022","4.473","4.531","4.544","4.456","5.56M","-1.28%"
"12/22/2022","4.531","4.484","4.535","4.374","6.36M","1.05%"
"12/21/2022","4.484","4.606","4.615","4.446","5.80M","-2.70%"
"12/20/2022","4.608","4.480","4.646","4.465","6.95M","2.87%"
"12/19/2022","4.480","4.656","4.705","4.423","10.07M","-3.70%"
"12/18/2022","4.652","4.708","4.714","4.619","5.80M","-1.19%"
"12/17/2022","4.708","4.652","4.717","4.586","9.79M","1.19%"
"12/16/2022","4.652","5.228","5.249","4.534","15.37M","-11.01%"
"12/15/2022","5.228","5.215","5.250","5.123","8.78M","0.21%"
"12/14/2022","5.217","5.280","5.355","5.177","12.18M","-1.29%"
"12/13/2022","5.285","5.170","5.340","5.000","62.26M","2.22%"
"12/12/2022","5.170","5.160","5.190","5.010","9.11M","0.19%"
"12/11/2022","5.160","5.270","5.319","5.140","7.31M","-2.16%"
"12/10/2022","5.274","5.299","5.320","5.260","21.02M","-0.46%"
"12/09/2022","5.299","5.420","5.440","5.268","6.31M","-2.24%"
"12/08/2022","5.420","5.290","5.460","5.250","8.35M","2.46%"
"12/07/2022","5.290","5.509","5.520","5.240","11.51M","-3.98%"
"12/06/2022","5.509","5.480","5.510","5.430","5.74M","0.53%"
"12/05/2022","5.480","5.600","5.730","5.450","7.63M","-2.14%"
"12/04/2022","5.600","5.490","5.610","5.490","5.73M","2.00%"
"12/03/2022","5.490","5.620","5.710","5.480","9.11M","-2.31%"
"12/02/2022","5.620","5.400","5.690","5.370","13.59M","4.08%"
"12/01/2022","5.400","5.470","5.480","5.320","8.19M","-1.28%"
"11/30/2022","5.470","5.310","5.500","5.310","9.73M","3.03%"
"11/29/2022","5.309","5.130","5.350","5.100","4.31M","3.49%"
"11/28/2022","5.130","5.300","5.320","5.070","10.51M","-3.21%"
"11/27/2022","5.300","5.300","5.440","5.279","4.67M","0.00%"
"11/26/2022","5.300","5.270","5.450","5.240","5.94M","0.57%"
"11/25/2022","5.270","5.380","5.390","5.250","5.68M","-2.05%"
"11/24/2022","5.380","5.449","5.520","5.330","7.63M","-1.27%"
"11/23/2022","5.449","5.280","5.490","5.250","4.54M","3.21%"
"11/22/2022","5.280","5.180","5.320","5.000","12.05M","1.92%"
"11/21/2022","5.180","5.299","5.299","5.079","13.67M","-2.22%"
"11/20/2022","5.298","5.608","5.660","5.250","4.36M","-5.37%"
"11/19/2022","5.598","5.580","5.649","5.550","2.06M","-0.37%"
"11/18/2022","5.620","5.710","5.760","5.609","6.84M","-1.41%"
"11/17/2022","5.700","5.680","5.730","5.580","5.91M","0.35%"
"11/16/2022","5.680","5.920","6.000","5.618","7.19M","-4.04%"
"11/15/2022","5.919","5.860","6.050","5.800","3.64M","1.01%"
"11/14/2022","5.860","5.749","5.890","5.450","12.01M","1.92%"
"11/13/2022","5.749","5.770","5.960","5.630","10.48M","-0.35%"
"11/12/2022","5.770","5.756","5.880","5.570","7.48M","0.25%"
"11/11/2022","5.755","5.968","6.000","5.524","11.78M","-3.55%"
"11/10/2022","5.967","5.408","6.170","5.350","15.34M","10.34%"
"11/09/2022","5.408","6.300","6.370","5.346","36.21M","-14.17%"
"11/08/2022","6.300","7.110","7.190","5.912","36.12M","-11.39%"
"11/07/2022","7.110","6.820","7.420","6.660","19.41M","4.26%"
"11/06/2022","6.820","7.030","7.140","6.800","11.87M","-2.98%"
"11/05/2022","7.030","7.050","7.250","6.950","15.28M","-0.29%"
"11/04/2022","7.050","6.410","7.100","6.390","19.86M","9.98%"
"11/03/2022","6.410","6.250","6.530","6.230","11.17M","2.57%"
"11/02/2022","6.250","6.460","6.520","6.170","12.69M","-3.25%"
"11/01/2022","6.460","6.630","6.720","6.460","7.58M","-2.57%"
"10/31/2022","6.630","6.660","6.840","6.570","14.66M","-0.44%"
"10/30/2022","6.660","6.640","6.740","6.520","8.84M","0.30%"
"10/29/2022","6.640","6.510","6.760","6.500","12.43M","1.99%"
"10/28/2022","6.510","6.330","6.580","6.270","9.98M","2.85%"
"10/27/2022","6.330","6.460","6.640","6.280","13.87M","-2.02%"
"10/26/2022","6.461","6.430","6.600","6.420","6.80M","0.47%"
"10/25/2022","6.430","5.920","6.611","5.890","18.84M","8.62%"
"10/24/2022","5.920","5.960","5.990","5.810","7.83M","-0.67%"
"10/23/2022","5.960","5.846","5.980","5.770","5.99M","1.97%"
"10/22/2022","5.845","5.830","5.870","5.770","12.10M","0.25%"
"10/21/2022","5.830","5.880","5.900","5.740","13.97M","-0.85%"
"10/20/2022","5.880","6.100","6.150","5.830","10.44M","-3.61%"
"10/19/2022","6.100","6.160","6.260","6.070","8.97M","-0.97%"
"10/18/2022","6.160","6.250","6.300","6.070","7.95M","-1.44%"
"10/17/2022","6.250","6.190","6.280","6.120","6.77M","0.97%"
"10/16/2022","6.190","6.050","6.250","6.040","5.07M","2.31%"
"10/15/2022","6.050","6.050","6.100","6.020","3.54M","0.14%"
"10/14/2022","6.041","6.120","6.260","6.010","54.44M","-1.13%"
"10/13/2022","6.110","6.180","6.180","5.709","15.40M","-1.13%"
"10/12/2022","6.180","6.170","6.250","6.140","4.88M","0.16%"
"10/11/2022","6.170","6.260","6.260","6.140","6.71M","-1.42%"
"10/10/2022","6.259","6.480","6.540","6.240","4.08M","-3.40%"
"10/09/2022","6.480","6.310","6.500","6.280","5.08M","2.69%"
"10/08/2022","6.310","6.330","6.390","6.270","3.01M","-0.32%"
"10/07/2022","6.330","6.340","6.390","6.260","6.11M","-0.16%"
"10/06/2022","6.340","6.440","6.520","6.315","8.71M","-1.55%"
"10/05/2022","6.440","6.500","6.510","6.280","8.83M","-0.77%"
"10/04/2022","6.490","6.360","6.530","6.340","8.54M","2.04%"
"10/03/2022","6.360","6.150","6.400","6.100","10.24M","3.42%"
"10/02/2022","6.150","6.270","6.330","6.140","7.79M","-1.91%"
"10/01/2022","6.270","6.320","6.340","6.220","7.04M","-0.79%"
"09/30/2022","6.320","6.440","6.570","6.210","16.44M","-1.86%"
"09/29/2022","6.440","6.390","6.480","6.270","11.38M","0.78%"
"09/28/2022","6.390","6.360","6.470","6.180","11.25M","0.39%"
"09/27/2022","6.365","6.560","6.800","6.250","29.42M","-2.97%"
"09/26/2022","6.560","6.200","6.580","6.170","17.41M","5.81%"
"09/25/2022","6.200","6.270","6.370","6.090","7.67M","-1.12%"
"09/24/2022","6.270","6.440","6.510","6.240","8.15M","-2.64%"
"09/23/2022","6.440","6.450","6.640","6.200","18.30M","-0.15%"
"09/22/2022","6.450","6.130","6.520","6.080","12.34M","5.21%"
"09/21/2022","6.130","6.290","6.560","5.970","20.17M","-2.54%"
"09/20/2022","6.290","6.380","6.420","6.180","11.34M","-1.42%"
"09/19/2022","6.380","6.440","6.560","6.120","18.98M","-0.93%"
"09/18/2022","6.440","7.060","7.060","6.389","16.10M","-8.78%"
"09/17/2022","7.060","6.910","7.160","6.900","8.11M","2.18%"
"09/16/2022","6.909","6.930","6.970","6.720","6.54M","-0.30%"
"09/15/2022","6.930","7.200","7.230","6.880","15.39M","-3.75%"
"09/14/2022","7.200","7.060","7.290","7.040","12.02M","1.98%"
"09/13/2022","7.060","7.660","7.930","7.040","19.17M","-7.83%"
"09/12/2022","7.660","7.690","8.040","7.570","18.23M","-0.39%"
"09/11/2022","7.690","7.780","7.880","7.560","9.30M","-1.03%"
"09/10/2022","7.770","7.750","7.880","7.590","9.94M","0.26%"
"09/09/2022","7.750","7.381","7.930","7.360","19.60M","5.01%"
"09/08/2022","7.380","7.190","7.450","7.060","12.68M","2.64%"
"09/07/2022","7.190","6.870","7.290","6.770","11.80M","4.66%"
"09/06/2022","6.870","7.370","7.690","6.850","16.62M","-6.78%"
"09/05/2022","7.370","7.370","7.630","7.270","10.64M","0.00%"
"09/04/2022","7.370","7.280","7.390","7.170","7.69M","1.23%"
"09/03/2022","7.280","7.290","7.310","7.180","5.97M","-0.14%"
"09/02/2022","7.290","7.180","7.560","7.120","12.04M","1.53%"
"09/01/2022","7.180","7.030","7.200","6.870","9.31M","2.14%"
"08/31/2022","7.030","7.000","7.280","6.990","8.92M","0.43%"
"08/30/2022","7.000","7.280","7.370","6.899","10.33M","-3.85%"
"08/29/2022","7.280","6.860","7.300","6.810","10.10M","6.28%"
"08/28/2022","6.850","7.050","7.150","6.820","5.88M","-2.83%"
"08/27/2022","7.049","6.930","7.100","6.800","4.71M","1.73%"
"08/26/2022","6.930","7.580","7.680","6.879","12.49M","-8.58%"
"08/25/2022","7.580","7.560","7.760","7.470","6.10M","0.26%"
"08/24/2022","7.560","7.640","7.750","7.430","7.63M","-1.04%"
"08/23/2022","7.640","7.410","7.710","7.190","9.98M","3.10%"
"08/22/2022","7.410","7.440","7.450","7.000","8.84M","-0.40%"
"08/21/2022","7.440","7.221","7.530","7.160","6.25M","3.04%"
"08/20/2022","7.221","7.311","7.520","7.040","9.73M","-1.26%"
"08/19/2022","7.313","8.080","8.090","7.250","9.09M","-9.50%"
"08/18/2022","8.080","8.370","8.570","8.058","9.38M","-3.46%"
"08/17/2022","8.370","8.840","9.170","8.320","14.05M","-5.32%"
"08/16/2022","8.840","8.780","8.930","8.640","10.66M","0.68%"
"08/15/2022","8.781","8.960","9.380","8.640","7.73M","-1.90%"
"08/14/2022","8.950","9.300","9.560","8.830","6.62M","-3.77%"
"08/13/2022","9.301","9.480","9.670","9.250","5.25M","-1.89%"
"08/12/2022","9.480","9.200","9.500","9.040","12.45M","3.04%"
"08/11/2022","9.200","9.516","9.640","9.130","18.30M","-3.31%"
"08/10/2022","9.515","8.900","9.650","8.540","73.63M","6.90%"
"08/09/2022","8.901","9.270","9.440","8.670","10.18M","-3.99%"
"08/08/2022","9.270","8.650","9.370","8.640","21.46M","7.17%"
"08/07/2022","8.650","8.510","8.920","8.360","9.92M","1.65%"
"08/06/2022","8.510","8.800","8.870","8.490","11.43M","-3.40%"
"08/05/2022","8.810","8.080","8.820","8.070","17.25M","9.02%"
"08/04/2022","8.081","8.000","8.270","7.890","5.63M","1.01%"
"08/03/2022","8.000","7.930","8.421","7.690","15.49M","0.89%"
"08/02/2022","7.930","8.171","8.270","7.690","20.77M","-3.30%"
"08/01/2022","8.200","8.630","8.960","8.050","20.23M","-4.98%"
"07/31/2022","8.630","8.210","9.200","8.080","25.79M","5.12%"
"07/30/2022","8.210","8.170","8.810","8.160","22.38M","0.48%"
"07/29/2022","8.170","7.860","8.411","7.770","24.14M","3.95%"
"07/28/2022","7.860","7.680","8.050","7.470","24.88M","2.34%"
"07/27/2022","7.680","6.780","7.681","6.650","17.55M","13.27%"
"07/26/2022","6.780","6.750","6.780","6.530","13.65M","0.16%"
"07/25/2022","6.769","7.400","7.440","6.740","7.81M","-8.53%"
"07/24/2022","7.400","7.330","7.580","7.310","9.96M","0.96%"
"07/23/2022","7.330","7.290","7.490","7.099","9.47M","0.55%"
"07/22/2022","7.290","7.520","7.850","7.260","14.90M","-3.07%"
"07/21/2022","7.521","7.460","7.590","7.190","13.30M","0.81%"
"07/20/2022","7.460","7.790","8.070","7.389","25.28M","-4.24%"
"07/19/2022","7.790","7.670","8.010","7.510","29.93M","1.56%"
"07/18/2022","7.670","6.910","7.710","6.900","26.11M","11.00%"
"07/17/2022","6.910","7.199","7.320","6.890","10.63M","-4.02%"
"07/16/2022","7.199","6.790","7.220","6.560","13.38M","6.03%"
"07/15/2022","6.790","6.729","6.980","6.660","12.93M","0.91%"
"07/14/2022","6.729","6.470","6.769","6.290","11.98M","4.01%"
"07/13/2022","6.470","6.279","6.530","6.049","14.75M","3.04%"
"07/12/2022","6.279","6.530","6.630","6.269","10.34M","-3.83%"
"07/11/2022","6.529","6.860","6.900","6.510","5.43M","-4.81%"
"07/10/2022","6.860","7.250","7.260","6.770","9.33M","-5.39%"
"07/09/2022","7.250","7.049","7.360","7.040","7.33M","2.84%"
"07/08/2022","7.050","7.300","7.460","6.950","13.93M","-3.44%"
"07/07/2022","7.301","6.920","7.350","6.890","6.48M","5.50%"
"07/06/2022","6.920","6.840","7.000","6.700","11.97M","1.17%"
"07/05/2022","6.840","7.170","7.210","6.649","16.84M","-4.60%"
"07/04/2022","7.170","6.859","7.200","6.670","10.06M","4.52%"
"07/03/2022","6.859","6.829","6.980","6.620","6.40M","0.44%"
"07/02/2022","6.829","6.739","6.909","6.630","6.52M","1.36%"
"07/01/2022","6.738","7.060","7.230","6.550","7.97M","-4.56%"
"06/30/2022","7.060","7.030","7.100","6.659","14.19M","0.43%"
"06/29/2022","7.030","7.310","7.440","6.969","14.47M","-3.83%"
"06/28/2022","7.310","7.730","8.000","7.269","12.64M","-5.42%"
"06/27/2022","7.729","7.830","8.200","7.718","5.02M","-1.29%"
"06/26/2022","7.830","8.129","8.480","7.819","9.92M","-3.78%"
"06/25/2022","8.138","8.180","8.350","7.790","4.23M","-0.63%"
"06/24/2022","8.189","7.780","8.339","7.730","6.04M","5.25%"
"06/23/2022","7.781","7.390","7.820","7.390","5.22M","5.30%"
"06/22/2022","7.389","7.770","7.810","7.350","5.80M","-4.66%"
"06/21/2022","7.750","7.880","8.270","7.690","13.44M","-1.64%"
"06/20/2022","7.879","7.529","8.020","7.180","8.58M","4.65%"
"06/19/2022","7.529","7.040","7.639","6.770","15.42M","6.95%"
"06/18/2022","7.040","7.279","7.410","6.479","21.86M","-3.26%"
"06/17/2022","7.277","7.129","7.450","7.040","7.05M","2.08%"
"06/16/2022","7.129","8.509","8.540","6.988","24.94M","-16.21%"
"06/15/2022","8.508","7.370","8.729","6.849","20.59M","15.46%"
"06/14/2022","7.369","7.040","7.550","6.680","15.30M","4.68%"
"06/13/2022","7.040","7.400","7.480","6.389","39.22M","-4.86%"
"06/12/2022","7.400","8.030","8.100","7.399","19.38M","-7.84%"
"06/11/2022","8.029","8.650","8.850","7.940","14.04M","-7.26%"
"06/10/2022","8.657","9.239","9.370","8.606","52.14M","-6.30%"
"06/09/2022","9.239","9.000","9.460","8.910","10.13M","2.66%"
"06/08/2022","9.000","9.221","9.400","8.900","7.88M","-2.39%"
"06/07/2022","9.221","9.500","9.510","8.840","10.88M","-2.94%"
"06/06/2022","9.500","9.348","9.930","9.320","10.46M","1.64%"
"06/05/2022","9.347","9.438","9.549","9.259","2.87M","-0.98%"
"06/04/2022","9.440","9.370","9.559","9.150","19.84M","0.74%"
"06/03/2022","9.370","9.880","9.920","9.220","10.81M","-5.16%"
"06/02/2022","9.880","9.460","10.050","9.310","12.15M","4.45%"
"06/01/2022","9.459","10.350","10.730","9.260","21.44M","-8.61%"
"05/31/2022","10.350","10.470","10.640","9.970","18.26M","-1.15%"
"05/30/2022","10.470","9.980","10.770","9.910","17.84M","4.91%"
"05/29/2022","9.980","9.650","10.010","9.340","12.11M","3.42%"
"05/28/2022","9.650","9.109","9.780","8.970","12.36M","5.93%"
"05/27/2022","9.109","9.152","9.990","8.580","34.05M","-0.39%"
"05/26/2022","9.145","9.870","10.000","8.859","42.01M","-7.35%"
"05/25/2022","9.870","10.190","10.330","9.800","13.82M","-3.14%"
"05/24/2022","10.190","9.879","10.270","9.580","14.35M","3.15%"
"05/23/2022","9.878","10.160","10.730","9.810","10.50M","-2.87%"
"05/22/2022","10.170","9.999","10.330","9.870","9.38M","1.71%"
"05/21/2022","9.999","9.670","10.100","9.490","4.34M","3.41%"
"05/20/2022","9.669","10.030","10.240","9.459","17.06M","-3.60%"
"05/19/2022","10.030","9.480","10.400","9.240","21.36M","5.81%"
"05/18/2022","9.480","11.040","11.160","9.459","11.38M","-14.13%"
"05/17/2022","11.040","10.629","11.330","10.450","18.05M","3.96%"
"05/16/2022","10.619","11.809","11.810","10.380","10.82M","-9.92%"
"05/15/2022","11.789","11.290","11.840","10.610","22.84M","4.44%"
"05/14/2022","11.288","10.459","11.539","9.779","16.84M","7.93%"
"05/13/2022","10.459","8.707","11.760","8.560","53.64M","20.10%"
"05/12/2022","8.709","9.031","9.480","7.312","53.88M","-3.55%"
"05/11/2022","9.029","11.350","11.650","8.138","67.36M","-20.31%"
"05/10/2022","11.330","10.601","12.440","10.330","39.44M","6.88%"
"05/09/2022","10.601","13.250","13.480","10.600","40.02M","-19.99%"
"05/08/2022","13.250","13.750","13.840","13.030","14.34M","-3.64%"
"05/07/2022","13.750","14.310","14.370","13.440","8.85M","-3.92%"
"05/06/2022","14.310","14.580","14.670","13.890","14.09M","-1.85%"
"05/05/2022","14.580","16.330","16.430","14.210","18.88M","-10.62%"
"05/04/2022","16.312","14.720","16.330","14.670","31.57M","10.81%"
"05/03/2022","14.720","14.960","15.220","14.520","6.96M","-1.67%"
"05/02/2022","14.971","15.369","15.590","14.580","5.68M","-2.59%"
"05/01/2022","15.369","14.500","15.520","14.500","10.48M","5.99%"
"04/30/2022","14.500","16.190","16.430","14.219","12.44M","-10.43%"
"04/29/2022","16.190","16.990","17.070","16.000","8.33M","-4.71%"
"04/28/2022","16.990","16.950","17.380","16.760","8.76M","0.24%"
"04/27/2022","16.950","16.680","17.260","16.510","7.75M","1.62%"
"04/26/2022","16.680","18.111","18.310","16.430","11.86M","-7.91%"
"04/25/2022","18.112","18.164","18.249","17.130","5.84M","-0.28%"
"04/24/2022","18.163","18.661","19.150","18.080","42.81M","-2.67%"
"04/23/2022","18.661","18.280","19.259","18.010","7.47M","2.08%"
"04/22/2022","18.280","18.170","18.530","18.070","7.43M","0.60%"
"04/21/2022","18.171","19.090","19.661","18.060","5.03M","-4.82%"
"04/20/2022","19.090","18.890","19.501","18.540","11.54M","1.06%"
"04/19/2022","18.890","18.160","18.950","18.050","6.86M","4.05%"
"04/18/2022","18.155","17.742","18.330","17.120","135.68M","2.21%"
"04/17/2022","17.762","18.600","18.810","17.689","3.13M","-4.51%"
"04/16/2022","18.601","18.350","18.700","18.191","2.45M","1.37%"
"04/15/2022","18.350","17.920","18.390","17.800","5.25M","2.40%"
"04/14/2022","17.920","18.190","18.480","17.480","7.37M","-1.48%"
"04/13/2022","18.190","17.760","18.280","17.390","7.67M","2.42%"
"04/12/2022","17.760","17.200","18.040","17.170","10.49M","3.26%"
"04/11/2022","17.200","19.229","19.288","17.000","16.08M","-10.55%"
"04/10/2022","19.229","19.741","20.240","19.171","7.77M","-2.60%"
"04/09/2022","19.742","19.420","19.830","19.290","2.49M","1.66%"
"04/08/2022","19.420","20.410","20.570","19.189","9.53M","-4.85%"
"04/07/2022","20.410","19.831","20.640","19.500","10.51M","2.77%"
"04/06/2022","19.859","21.780","21.800","19.730","17.40M","-8.82%"
"04/05/2022","21.780","22.899","23.120","21.730","12.56M","-4.89%"
"04/04/2022","22.899","23.220","23.220","21.611","15.36M","-1.26%"
"04/03/2022","23.191","22.561","23.570","22.530","7.80M","2.79%"
"04/02/2022","22.561","22.069","23.811","21.970","11.22M","2.23%"
"04/01/2022","22.069","21.330","22.150","20.640","16.39M","3.51%"
"03/31/2022","21.320","22.429","23.050","21.100","17.89M","-4.95%"
"03/30/2022","22.429","22.450","23.000","21.720","8.26M","-0.09%"
"03/29/2022","22.450","21.989","22.950","21.860","15.84M","2.09%"
"03/28/2022","21.989","22.470","23.290","21.840","18.84M","-2.14%"
"03/27/2022","22.470","20.920","22.470","20.730","10.71M","7.45%"
"03/26/2022","20.913","20.540","21.030","20.260","44.28M","1.82%"
"03/25/2022","20.540","21.250","21.360","20.200","11.95M","-3.34%"
"03/24/2022","21.250","21.019","21.470","20.300","14.80M","1.10%"
"03/23/2022","21.020","20.191","21.100","19.850","16.98M","4.11%"
"03/22/2022","20.191","18.761","20.460","18.680","8.76M","7.62%"
"03/21/2022","18.761","18.650","19.060","18.430","8.53M","0.70%"
"03/20/2022","18.631","19.400","19.460","18.330","3.88M","-3.97%"
"03/19/2022","19.401","18.950","19.770","18.880","5.20M","2.38%"
"03/18/2022","18.950","18.750","19.190","18.140","171.29M","1.07%"
"03/17/2022","18.750","19.050","19.290","18.640","179.31M","-1.57%"
"03/16/2022","19.050","17.810","19.190","17.700","329.62M","6.96%"
"03/15/2022","17.810","17.700","18.060","17.060","143.07M","0.62%"
"03/14/2022","17.700","17.210","17.840","17.030","164.90M","2.85%"
"03/13/2022","17.210","18.130","18.390","17.140","172.25M","-5.13%"
"03/12/2022","18.140","17.700","18.710","17.700","238.17M","2.43%"
"03/11/2022","17.710","16.970","18.470","16.710","338.53M","4.36%"
"03/10/2022","16.970","17.850","17.930","16.700","172.63M","-4.93%"
"03/09/2022","17.850","16.980","18.080","16.900","203.58M","5.12%"
"03/08/2022","16.980","16.410","17.250","16.320","211.39M","3.41%"
"03/07/2022","16.420","16.970","17.130","16.030","242.81M","-3.24%"
"03/06/2022","16.970","17.330","17.570","16.540","187.32M","-2.08%"
"03/05/2022","17.330","16.790","17.760","16.200","173.53M","3.28%"
"03/04/2022","16.780","18.030","18.060","16.509","294.84M","-6.93%"
"03/03/2022","18.029","18.610","18.650","17.790","7.92M","-3.12%"
"03/02/2022","18.610","18.880","19.250","18.380","17.21M","-1.43%"
"03/01/2022","18.881","18.970","19.556","18.360","13.01M","-0.47%"
"02/28/2022","18.970","17.481","19.080","16.650","30.68M","8.52%"
"02/27/2022","17.481","17.990","18.710","17.100","20.17M","-2.83%"
"02/26/2022","17.991","17.251","18.760","17.200","11.52M","4.29%"
"02/25/2022","17.251","16.161","17.510","15.810","8.75M","6.74%"
"02/24/2022","16.161","15.960","16.632","14.079","46.93M","1.26%"
"02/23/2022","15.960","16.620","17.490","15.930","20.71M","-3.97%"
"02/22/2022","16.619","16.180","16.690","15.820","8.83M","2.71%"
"02/21/2022","16.180","16.910","17.710","16.030","23.16M","-4.32%"
"02/20/2022","16.910","17.851","17.870","16.700","13.53M","-5.28%"
"02/19/2022","17.852","17.821","18.210","17.350","3.72M","0.12%"
"02/18/2022","17.831","18.171","18.580","17.640","6.57M","-1.87%"
"02/17/2022","18.171","19.741","20.000","17.850","16.30M","-7.96%"
"02/16/2022","19.742","20.170","20.180","19.070","6.22M","-2.12%"
"02/15/2022","20.170","18.691","20.321","18.650","11.22M","7.86%"
"02/14/2022","18.701","18.740","18.931","18.030","5.42M","-0.21%"
"02/13/2022","18.740","18.820","19.270","18.390","9.65M","-0.32%"
"02/12/2022","18.801","18.971","19.401","18.330","6.91M","-0.89%"
"02/11/2022","18.970","20.500","20.720","18.588","29.54M","-7.47%"
"02/10/2022","20.500","21.931","22.430","20.500","20.44M","-6.53%"
"02/09/2022","21.932","21.630","22.221","21.060","5.65M","1.39%"
"02/08/2022","21.631","22.350","23.140","21.090","22.02M","-3.22%"
"02/07/2022","22.351","21.892","22.690","21.400","20.78M","2.09%"
"02/06/2022","21.893","21.331","21.931","20.849","5.15M","2.64%"
"02/05/2022","21.331","20.471","22.270","20.310","18.35M","4.20%"
"02/04/2022","20.470","18.891","20.491","18.730","18.70M","8.36%"
"02/03/2022","18.891","18.770","18.930","18.030","13.59M","0.64%"
"02/02/2022","18.771","19.570","20.570","18.599","18.10M","-4.08%"
"02/01/2022","19.570","19.361","19.990","19.170","16.63M","1.07%"
"01/31/2022","19.362","18.161","19.590","17.150","8.92M","6.62%"
"01/30/2022","18.161","18.701","18.990","17.810","5.32M","-2.89%"
"01/29/2022","18.701","18.340","19.011","18.080","10.19M","1.97%"
"01/28/2022","18.340","18.100","18.470","17.390","15.26M","1.33%"
"01/27/2022","18.100","18.051","18.400","17.170","19.22M","0.26%"
"01/26/2022","18.053","18.292","20.000","17.511","15.58M","-1.31%"
"01/25/2022","18.292","18.040","19.031","17.390","20.58M","1.40%"
"01/24/2022","18.040","18.821","18.821","15.870","42.12M","-4.15%"
"01/23/2022","18.821","18.279","19.180","17.740","23.69M","2.97%"
"01/22/2022","18.279","19.709","20.090","16.289","48.78M","-7.26%"
"01/21/2022","19.709","23.040","23.460","19.130","18.52M","-14.45%"
"01/20/2022","23.039","24.061","25.600","22.887","7.29M","-4.36%"
"01/19/2022","24.090","25.171","25.290","23.710","13.58M","-4.30%"
"01/18/2022","25.172","25.680","26.030","24.270","7.55M","-1.98%"
"01/17/2022","25.680","27.690","27.740","25.130","16.81M","-7.26%"
"01/16/2022","27.690","27.630","28.450","27.310","14.57M","0.22%"
"01/15/2022","27.630","27.750","28.400","26.860","11.35M","-0.36%"
"01/14/2022","27.731","25.770","27.860","25.570","9.87M","7.61%"
"01/13/2022","25.770","27.320","27.670","25.710","15.80M","-5.57%"
"01/12/2022","27.292","25.551","27.571","25.460","8.05M","6.81%"
"01/11/2022","25.551","23.720","25.981","23.510","19.53M","7.44%"
"01/10/2022","23.780","24.629","25.200","22.489","24.19M","-3.33%"
"01/09/2022","24.600","23.980","25.290","23.730","15.50M","2.59%"
"01/08/2022","23.980","24.830","25.540","23.180","20.66M","-3.43%"
"01/07/2022","24.831","26.749","26.830","24.359","15.25M","-7.17%"
"01/06/2022","26.747","26.699","27.320","25.540","12.03M","0.11%"
"01/05/2022","26.717","28.690","30.370","25.139","15.02M","-6.88%"
"01/04/2022","28.690","30.100","30.570","28.690","22.88M","-4.68%"
"01/03/2022","30.100","29.681","30.870","28.650","24.55M","1.41%"
"01/02/2022","29.681","28.590","30.580","27.830","9.37M","3.82%"
"01/01/2022","28.590","26.688","28.592","26.688","10.92M","7.12%"
"12/31/2021","26.689","27.560","28.120","26.269","19.78M","-3.16%"
"12/30/2021","27.560","26.800","28.380","26.230","16.20M","2.83%"
"12/29/2021","26.800","27.820","28.950","26.567","19.77M","-3.67%"
"12/28/2021","27.821","30.940","30.960","27.566","16.54M","-10.08%"
"12/27/2021","30.941","31.311","32.762","30.851","9.29M","-1.19%"
"12/26/2021","31.312","28.831","31.732","28.290","9.95M","8.47%"
"12/25/2021","28.867","28.120","29.101","27.970","4.43M","2.69%"
"12/24/2021","28.110","29.130","29.630","27.871","26.19M","-3.50%"
"12/23/2021","29.130","27.220","29.760","26.740","22.41M","7.02%"
"12/22/2021","27.220","25.180","28.200","24.990","22.26M","8.10%"
"12/21/2021","25.180","24.051","25.590","23.750","47.08M","4.70%"
"12/20/2021","24.051","24.781","25.000","23.309","14.81M","-2.95%"
"12/19/2021","24.781","25.481","25.840","24.670","11.79M","-2.75%"
"12/18/2021","25.481","24.643","25.710","24.230","15.38M","3.35%"
"12/17/2021","24.655","26.011","26.200","24.258","11.61M","-5.28%"
"12/16/2021","26.031","27.122","27.810","25.800","15.28M","-4.02%"
"12/15/2021","27.122","26.181","28.002","24.320","28.62M","3.59%"
"12/14/2021","26.182","25.998","26.670","25.010","11.01M","0.71%"
"12/13/2021","25.996","29.598","29.810","25.598","11.70M","-12.17%"
"12/12/2021","29.600","27.760","30.020","27.320","12.10M","6.87%"
"12/11/2021","27.696","26.389","28.150","25.850","8.66M","4.95%"
"12/10/2021","26.389","26.911","28.401","25.760","24.00M","-1.94%"
"12/09/2021","26.911","29.802","30.090","26.810","19.40M","-9.70%"
"12/08/2021","29.804","30.490","30.600","28.051","10.95M","-2.29%"
"12/07/2021","30.502","28.191","31.402","27.700","14.11M","8.19%"
"12/06/2021","28.192","28.320","28.912","24.879","33.42M","-0.45%"
"12/05/2021","28.321","29.458","29.720","26.470","12.56M","-3.86%"
"12/04/2021","29.458","33.698","33.840","24.543","51.41M","-12.58%"
"12/03/2021","33.696","35.779","36.791","32.707","10.08M","-5.82%"
"12/02/2021","35.778","36.770","36.770","35.070","6.11M","-2.70%"
"12/01/2021","36.770","37.883","38.770","36.281","14.33M","-2.94%"
"11/30/2021","37.885","37.112","39.321","35.460","10.65M","2.08%"
"11/29/2021","37.114","35.791","37.530","35.450","8.47M","3.70%"
"11/28/2021","35.791","35.170","35.811","32.261","21.78M","1.77%"
"11/27/2021","35.170","34.457","35.921","34.450","14.06M","2.09%"
"11/26/2021","34.449","39.431","39.610","33.911","34.77M","-12.63%"
"11/25/2021","39.430","38.309","40.911","38.060","15.20M","2.92%"
"11/24/2021","38.310","40.780","40.900","38.089","15.07M","-6.06%"
"11/23/2021","40.780","39.472","41.451","38.610","14.45M","3.31%"
"11/22/2021","39.474","41.942","42.120","38.830","9.36M","-6.26%"
"11/21/2021","42.108","42.070","43.562","40.650","13.72M","0.09%"
"11/20/2021","42.070","41.222","42.090","39.891","12.02M","2.05%"
"11/19/2021","41.224","39.021","42.242","38.410","9.82M","5.65%"
"11/18/2021","39.021","42.761","43.270","37.620","30.26M","-8.74%"
"11/17/2021","42.761","40.841","42.761","38.870","23.98M","4.70%"
"11/16/2021","40.841","44.761","44.761","38.454","41.15M","-8.76%"
"11/15/2021","44.761","46.361","47.450","44.540","13.58M","-3.45%"
"11/14/2021","46.361","47.061","47.820","45.040","9.56M","-1.57%"
"11/13/2021","47.100","45.891","47.529","44.890","12.48M","2.63%"
"11/12/2021","45.891","47.529","47.710","44.061","22.32M","-3.46%"
"11/11/2021","47.536","46.860","49.421","45.600","65.95M","1.44%"
"11/10/2021","46.861","50.750","52.049","42.726","40.97M","-7.66%"
"11/09/2021","50.750","53.344","53.348","50.579","21.40M","-4.85%"
"11/08/2021","53.337","52.180","53.850","51.660","8.99M","2.22%"
"11/07/2021","52.181","51.972","53.500","51.320","7.65M","0.40%"
"11/06/2021","51.972","51.760","52.390","49.001","16.84M","0.43%"
"11/05/2021","51.749","53.843","53.900","50.593","9.61M","-3.89%"
"11/04/2021","53.843","53.301","55.000","52.190","29.21M","1.01%"
"11/03/2021","53.303","51.650","54.520","49.170","35.56M","3.39%"
"11/02/2021","51.553","49.982","53.280","48.040","40.94M","3.04%"
"11/01/2021","50.030","42.732","51.501","41.740","49.36M","17.08%"
"10/31/2021","42.731","42.691","43.350","41.052","6.76M","0.08%"
"10/30/2021","42.696","44.201","44.300","42.160","42.39M","-3.14%"
"10/29/2021","44.081","41.840","44.326","41.650","18.41M","5.55%"
"10/28/2021","41.763","40.451","43.090","39.920","12.28M","3.39%"
"10/27/2021","40.393","44.922","45.740","39.046","19.01M","-9.99%"
"10/26/2021","44.875","44.550","46.000","43.429","19.46M","0.73%"
"10/25/2021","44.550","42.301","44.788","42.120","95.66M","5.29%"
"10/24/2021","42.311","43.988","44.160","41.350","7.72M","-3.82%"
"10/23/2021","43.990","43.499","44.760","43.090","12.74M","1.13%"
"10/22/2021","43.499","42.831","46.350","42.730","33.17M","1.56%"
"10/21/2021","42.833","44.408","45.500","42.002","16.14M","-3.55%"
"10/20/2021","44.409","41.360","45.180","41.090","27.69M","7.37%"
"10/19/2021","41.360","41.180","41.619","40.090","18.52M","0.40%"
"10/18/2021","41.195","42.109","43.240","40.281","66.20M","-2.17%"
"10/17/2021","42.108","41.681","42.850","39.689","11.21M","1.02%"
"10/16/2021","41.682","43.320","44.720","41.321","14.99M","-3.78%"
"10/15/2021","43.320","40.750","44.189","39.480","45.51M","6.31%"
"10/14/2021","40.750","41.670","42.460","39.430","41.30M","-2.22%"
"10/13/2021","41.676","35.148","43.038","33.650","184.50M","18.58%"
"10/12/2021","35.146","34.120","35.419","32.100","14.51M","3.01%"
"10/11/2021","34.120","34.431","36.080","33.270","23.54M","-0.90%"
"10/10/2021","34.431","36.311","37.410","34.219","27.07M","-5.18%"
"10/09/2021","36.312","33.292","36.891","33.010","13.53M","9.07%"
"10/08/2021","33.291","33.950","34.479","33.080","34.42M","-1.94%"
"10/07/2021","33.950","32.220","35.252","30.980","42.24M","5.36%"
"10/06/2021","32.223","31.400","33.041","29.150","15.52M","2.62%"
"10/05/2021","31.400","31.141","32.130","30.630","17.62M","0.83%"
"10/04/2021","31.141","32.100","32.100","30.100","19.24M","-2.99%"
"10/03/2021","32.100","32.010","32.681","31.320","16.31M","0.19%"
"10/02/2021","32.040","31.943","33.380","31.550","18.05M","0.30%"
"10/01/2021","31.945","28.609","32.319","28.510","15.10M","11.66%"
"09/30/2021","28.608","27.279","28.941","27.150","9.10M","4.88%"
"09/29/2021","27.278","26.301","28.550","26.130","11.06M","3.60%"
"09/28/2021","26.330","27.692","28.370","26.160","20.54M","-4.92%"
"09/27/2021","27.694","28.870","30.230","27.590","12.05M","-4.07%"
"09/26/2021","28.870","29.821","29.990","26.779","38.51M","-3.22%"
"09/25/2021","29.831","30.820","32.180","29.470","27.60M","-3.22%"
"09/24/2021","30.823","33.433","33.500","28.049","30.38M","-7.81%"
"09/23/2021","33.433","31.582","33.572","30.371","28.64M","5.86%"
"09/22/2021","31.583","26.312","31.980","25.930","19.94M","20.03%"
"09/21/2021","26.313","28.251","30.340","25.519","26.90M","-6.86%"
"09/20/2021","28.251","33.820","33.890","26.898","59.24M","-16.47%"
"09/19/2021","33.819","34.861","34.870","33.031","16.24M","-2.99%"
"09/18/2021","34.860","33.050","35.860","32.520","20.79M","5.73%"
"09/17/2021","32.970","35.550","36.930","32.230","15.01M","-7.13%"
"09/16/2021","35.500","36.520","36.960","34.130","14.59M","-2.61%"
"09/15/2021","36.450","37.360","37.970","35.590","12.91M","-2.25%"
"09/14/2021","37.290","34.900","38.740","34.110","48.90M","6.97%"
"09/13/2021","34.860","35.800","37.910","31.870","102.63M","-2.79%"
"09/12/2021","35.860","31.570","36.390","30.710","","13.59%"
"09/11/2021","31.570","29.210","32.040","28.280","","8.26%"
"09/10/2021","29.160","29.840","32.630","28.010","","-2.05%"
"09/09/2021","29.770","27.750","31.810","27.030","","7.51%"
"09/08/2021","27.690","27.960","28.870","25.250","","-0.47%"
"09/07/2021","27.820","34.410","35.670","22.820","","-18.99%"
"09/06/2021","34.340","34.430","35.070","32.400","","-0.26%"
"09/05/2021","34.430","32.410","34.770","32.010","","6.33%"
"09/04/2021","32.380","33.570","34.060","32.020","","-3.54%"
"09/03/2021","33.570","31.790","34.000","31.050","","5.63%"
"09/02/2021","31.780","33.170","33.190","31.350","","-4.25%"
"09/01/2021","33.190","31.330","33.820","29.670","","5.80%"
"08/31/2021","31.370","26.030","31.920","25.650","","20.61%"
"08/30/2021","26.010","25.680","27.520","24.350","","1.13%"
"08/29/2021","25.720","25.960","26.450","25.290","","-0.89%"
"08/28/2021","25.950","26.530","26.750","25.480","","-2.30%"
"08/27/2021","26.560","23.910","26.750","23.460","","11.08%"
"08/26/2021","23.910","25.981","26.386","23.500","","-7.97%"
"08/25/2021","25.982","25.070","26.537","24.517","","3.51%"
"08/24/2021","25.100","27.875","28.172","24.401","","-10.06%"
"08/23/2021","27.908","27.680","28.617","27.377","","0.84%"
"08/22/2021","27.676","27.858","28.509","26.546","","-0.73%"
"08/21/2021","27.879","28.183","29.327","27.519","","-0.93%"
"08/20/2021","28.142","26.603","28.456","26.120","","5.86%"
"08/19/2021","26.584","23.876","26.829","23.483","","11.31%"
"08/18/2021","23.882","23.505","25.151","22.500","","1.56%"
"08/17/2021","23.516","24.416","27.384","23.052","","-3.82%"
"08/16/2021","24.449","23.163","25.672","22.879","","5.58%"
"08/15/2021","23.156","22.832","23.325","21.862","","1.30%"
"08/14/2021","22.859","22.719","23.460","21.782","","0.64%"
"08/13/2021","22.713","20.766","22.727","20.537","","9.48%"
"08/12/2021","20.747","21.348","22.281","19.912","","-3.06%"
"08/11/2021","21.402","20.609","22.444","20.561","","3.79%"
"08/10/2021","20.620","20.577","21.392","20.115","","0.20%"
"08/09/2021","20.579","19.653","21.225","18.720","","4.65%"
"08/08/2021","19.665","20.953","21.205","19.219","","-6.17%"
"08/07/2021","20.958","20.416","21.659","20.055","","2.79%"
"08/06/2021","20.389","19.124","20.799","18.547","","6.64%"
"08/05/2021","19.120","19.167","19.450","17.882","","-0.17%"
"08/04/2021","19.153","17.414","19.563","17.111","","9.92%"
"08/03/2021","17.424","17.980","18.507","16.841","","-3.23%"
"08/02/2021","18.006","18.427","18.933","17.601","","-2.30%"
"08/01/2021","18.430","16.771","19.887","16.569","","9.89%"
"07/31/2021","16.771","15.817","16.999","15.600","","6.23%"
"07/30/2021","15.788","15.256","15.839","14.419","","3.53%"
"07/29/2021","15.250","14.531","15.385","14.278","","5.01%"
"07/28/2021","14.522","14.365","14.735","13.956","","1.00%"
"07/27/2021","14.378","13.914","14.531","13.383","","3.24%"
"07/26/2021","13.927","13.730","15.292","13.643","","1.38%"
"07/25/2021","13.737","13.625","13.737","13.091","","0.63%"
"07/24/2021","13.651","13.407","13.734","13.127","","1.97%"
"07/23/2021","13.387","13.150","13.497","12.336","","1.74%"
"07/22/2021","13.158","12.336","13.351","11.841","","6.78%"
"07/21/2021","12.322","10.953","12.833","10.683","","12.45%"
"07/20/2021","10.958","11.438","11.549","10.380","","-4.25%"
"07/19/2021","11.444","12.635","12.723","11.370","","-9.53%"
"07/18/2021","12.650","12.294","12.908","12.265","","3.03%"
"07/17/2021","12.278","12.008","12.734","11.735","","2.15%"
"07/16/2021","12.019","13.097","13.311","12.017","","-8.29%"
"07/15/2021","13.106","13.800","14.102","12.749","","-5.04%"
"07/14/2021","13.802","14.204","14.204","13.181","","-2.75%"
"07/13/2021","14.192","14.849","15.096","14.023","","-4.66%"
"07/12/2021","14.886","15.493","15.643","14.424","","-3.79%"
"07/11/2021","15.472","15.294","15.702","15.142","","1.21%"
"07/10/2021","15.287","15.685","15.989","15.050","","-2.43%"
"07/09/2021","15.668","14.980","15.908","14.869","","2.06%"
"07/08/2021","15.352","16.804","16.874","15.131","","-8.98%"
"07/07/2021","16.866","16.109","17.662","16.109","","7.71%"
"07/06/2021","15.658","15.217","15.944","15.217","","2.84%"
"07/05/2021","15.226","15.967","15.967","14.937","","-4.72%"
"07/04/2021","15.980","15.859","16.529","15.679","","2.41%"
"07/03/2021","15.604","15.290","15.624","15.029","","1.95%"
"07/02/2021","15.306","15.176","15.306","14.650","","0.70%"
"07/01/2021","15.200","16.400","16.400","15.041","","-7.17%"
"06/30/2021","16.374","16.295","16.495","15.254","","1.01%"
"06/29/2021","16.210","15.830","16.950","15.830","","2.93%"
"06/28/2021","15.749","15.029","15.990","14.751","","5.06%"
"06/27/2021","14.991","14.523","14.991","14.154","","3.35%"
"06/26/2021","14.505","14.423","14.807","13.806","","0.41%"
"06/25/2021","14.446","16.251","16.383","14.446","","-10.95%"
"06/24/2021","16.223","15.780","16.504","14.912","","2.76%"
"06/23/2021","15.787","14.643","16.373","14.643","","7.88%"
"06/22/2021","14.634","15.795","16.603","13.782","","-7.33%"
"06/21/2021","15.791","20.649","20.649","15.791","","-23.36%"
"06/20/2021","20.605","20.253","20.929","19.322","","1.78%"
"06/19/2021","20.244","21.387","21.588","20.244","","-5.22%"
"06/18/2021","21.359","22.533","22.533","20.593","","-5.08%"
"06/17/2021","22.503","23.022","23.876","22.158","","-2.22%"
"06/16/2021","23.015","23.884","24.345","22.918","","-3.91%"
"06/15/2021","23.952","25.870","25.870","23.952","","-7.36%"
"06/14/2021","25.856","22.162","25.856","21.514","","17.26%"
"06/13/2021","22.050","20.742","22.163","20.217","","6.47%"
"06/12/2021","20.710","20.837","21.021","19.890","","-1.16%"
"06/11/2021","20.952","22.683","22.897","20.660","","-7.37%"
"06/10/2021","22.618","23.284","24.173","22.581","","-2.45%"
"06/09/2021","23.187","21.619","23.187","20.652","","6.95%"
"06/08/2021","21.680","21.662","21.820","20.258","","0.16%"
"06/07/2021","21.645","24.191","25.179","21.645","","-10.50%"
"06/06/2021","24.185","23.707","24.381","23.707","","1.69%"
"06/05/2021","23.782","25.092","26.110","23.630","","-4.87%"
"06/04/2021","25.000","26.891","26.923","23.935","","-7.31%"
"06/03/2021","26.971","25.837","27.961","25.837","","4.05%"
"06/02/2021","25.921","22.907","26.665","22.907","","13.48%"
"06/01/2021","22.841","23.227","23.500","22.189","","-2.32%"
"05/31/2021","23.384","20.314","23.384","19.481","","14.30%"
"05/30/2021","20.458","19.880","20.995","18.966","","2.92%"
"05/29/2021","19.877","21.380","22.078","19.106","","-6.84%"
"05/28/2021","21.337","23.820","24.675","20.676","","-10.93%"
"05/27/2021","23.954","24.486","24.486","22.180","","-2.20%"
"05/26/2021","24.492","22.229","24.492","22.229","","10.50%"
"05/25/2021","22.164","23.119","23.119","20.410","","-4.46%"
"05/24/2021","23.199","18.030","23.326","17.795","","29.83%"
"05/23/2021","17.869","22.030","22.956","15.000","","-18.83%"
"05/22/2021","22.014","24.245","24.305","20.849","","-9.79%"
"05/21/2021","24.404","29.032","30.447","22.016","","-15.64%"
"05/20/2021","28.927","25.320","30.180","24.212","","15.70%"
"05/19/2021","25.001","40.765","40.765","24.065","","-38.44%"
"05/18/2021","40.612","38.714","41.363","37.881","","4.90%"
"05/17/2021","38.716","42.353","42.353","37.334","","-8.74%"
"05/16/2021","42.426","43.619","46.269","40.062","","-2.51%"
"05/15/2021","43.517","47.919","49.469","43.313","","-9.27%"
"05/14/2021","47.962","39.982","47.962","39.982","","19.94%"
"05/13/2021","39.988","34.975","40.239","34.975","","15.95%"
"05/12/2021","34.488","38.635","41.683","34.488","","-10.78%"
"05/11/2021","38.653","36.335","38.653","35.796","","5.96%"
"05/10/2021","36.480","40.345","41.435","35.237","","-9.51%"
"05/09/2021","40.312","39.896","40.440","38.586","","1.11%"
"05/08/2021","39.869","39.807","40.257","39.447","","0.00%"
"05/07/2021","39.870","41.626","41.734","39.870","","-4.08%"
"05/06/2021","41.565","40.517","42.417","39.142","","2.72%"
"05/05/2021","40.466","36.148","40.466","36.103","","12.04%"
"05/04/2021","36.119","37.250","37.250","35.772","","-3.01%"
"05/03/2021","37.239","36.601","37.875","36.601","","1.58%"
"05/02/2021","36.659","36.896","37.107","35.847","","-0.61%"
"05/01/2021","36.885","36.401","37.153","36.198","","1.01%"
"04/30/2021","36.516","35.980","36.516","35.668","","1.49%"
"04/29/2021","35.981","33.986","35.981","33.263","","5.99%"
"04/28/2021","33.946","34.831","34.860","33.177","","-2.68%"
"04/27/2021","34.882","33.420","34.882","33.420","","4.43%"
"04/26/2021","33.402","29.840","33.402","29.840","","12.26%"
"04/25/2021","29.753","29.071","30.877","28.676","","2.59%"
"04/24/2021","29.001","32.275","32.275","29.001","","-10.07%"
"04/23/2021","32.249","32.893","32.893","28.876","","-2.14%"
"04/22/2021","32.955","33.783","35.895","32.955","","-2.47%"
"04/21/2021","33.791","35.504","35.934","33.791","","-4.75%"
"04/20/2021","35.477","34.859","35.477","32.955","","2.09%"
"04/19/2021","34.749","37.360","38.276","34.630","","-7.00%"
"04/18/2021","37.363","42.168","42.168","34.202","","-11.35%"
"04/17/2021","42.148","41.412","46.910","41.412","","1.80%"
"04/16/2021","41.404","43.444","43.444","41.335","","-4.82%"
"04/15/2021","43.501","42.620","43.572","41.780","","2.23%"
"04/14/2021","42.554","43.116","43.903","41.216","","-0.92%"
"04/13/2021","42.948","40.530","42.948","40.307","","6.18%"
"04/12/2021","40.450","41.377","41.377","40.069","","-2.11%"
"04/11/2021","41.320","41.727","41.727","40.273","","-0.64%"
"04/10/2021","41.587","40.832","42.447","40.717","","2.00%"
"04/09/2021","40.771","41.339","41.512","40.560","","-1.31%"
"04/08/2021","41.313","39.613","41.313","39.613","","4.56%"
"04/07/2021","39.509","43.407","43.407","38.341","","-8.81%"
"04/06/2021","43.325","45.800","45.800","42.312","","-5.20%"
"04/05/2021","45.700","44.480","45.700","42.306","","3.29%"
"04/04/2021","44.243","41.030","44.707","41.030","","6.88%"
"04/03/2021","41.393","41.105","45.393","41.105","","0.90%"
"04/02/2021","41.026","37.465","41.026","37.071","","9.68%"
"04/01/2021","37.405","37.009","38.347","36.431","","1.02%"
"03/31/2021","37.027","33.994","37.171","33.623","","8.95%"
"03/30/2021","33.985","34.369","34.437","33.558","","-1.11%"
"03/29/2021","34.368","32.233","34.648","32.035","","6.64%"
"03/28/2021","32.228","32.715","32.830","31.583","","-1.15%"
"03/27/2021","32.602","33.195","33.218","31.733","","-1.68%"
"03/26/2021","33.160","29.871","33.160","29.871","","11.25%"
"03/25/2021","29.807","30.282","30.762","29.205","","-1.76%"
"03/24/2021","30.342","34.156","36.114","30.327","","-11.34%"
"03/23/2021","34.223","35.352","35.867","34.223","","-2.91%"
"03/22/2021","35.250","36.728","37.595","35.250","","-3.97%"
"03/21/2021","36.709","37.217","38.014","36.496","","-1.44%"
"03/20/2021","37.247","38.170","39.854","37.247","","-2.37%"
"03/19/2021","38.152","35.314","38.315","35.239","","8.01%"
"03/18/2021","35.323","36.210","36.627","35.323","","-2.22%"
"03/17/2021","36.125","35.434","36.183","34.651","","2.11%"
"03/16/2021","35.378","34.213","35.378","33.238","","3.27%"
"03/15/2021","34.257","36.516","38.010","34.257","","-6.35%"
"03/14/2021","36.581","37.172","37.805","36.581","","-1.49%"
"03/13/2021","37.134","35.974","37.972","35.118","","3.18%"
"03/12/2021","35.989","36.964","36.964","34.947","","-2.45%"
"03/11/2021","36.892","37.679","37.902","36.150","","-1.73%"
"03/10/2021","37.541","38.211","39.250","37.108","","-1.62%"
"03/09/2021","38.161","35.001","38.223","35.001","","9.29%"
"03/08/2021","34.918","35.113","35.515","33.625","","-0.55%"
"03/07/2021","35.111","33.433","35.111","33.433","","5.21%"
"03/06/2021","33.373","33.619","33.700","32.686","","-0.81%"
"03/05/2021","33.646","35.240","35.240","32.603","","-4.60%"
"03/04/2021","35.266","37.037","38.033","34.775","","-4.94%"
"03/03/2021","37.098","36.134","38.527","36.134","","2.76%"
"03/02/2021","36.103","35.800","37.251","35.085","","1.30%"
"03/01/2021","35.639","33.886","35.639","33.231","","5.60%"
"02/28/2021","33.749","33.271","33.749","30.461","","0.80%"
"02/27/2021","33.480","31.522","35.096","31.522","","6.43%"
"02/26/2021","31.459","31.235","32.541","28.295","","1.62%"
"02/25/2021","30.957","33.659","34.359","30.957","","-8.04%"
"02/24/2021","33.663","34.565","36.667","32.705","","-2.62%"
"02/23/2021","34.570","37.685","37.685","30.307","","-8.17%"
"02/22/2021","37.646","39.627","39.627","34.963","","-4.74%"
"02/21/2021","39.520","38.982","40.252","38.113","","1.52%"
"02/20/2021","38.927","35.077","41.249","35.077","","11.79%"
"02/19/2021","34.820","31.200","34.820","30.059","","12.08%"
"02/18/2021","31.067","31.973","32.170","31.067","","-2.88%"
"02/17/2021","31.989","30.108","32.207","30.105","","6.20%"
"02/16/2021","30.122","27.843","30.428","27.283","","8.45%"
"02/15/2021","27.774","27.021","29.299","23.891","","3.28%"
"02/14/2021","26.890","28.048","28.577","26.663","","-3.86%"
"02/13/2021","27.971","28.766","29.852","27.880","","-2.38%"
"02/12/2021","28.653","25.054","29.664","24.800","","14.13%"
"02/11/2021","25.106","23.624","25.306","23.624","","6.52%"
"02/10/2021","23.570","23.140","24.358","22.993","","2.22%"
"02/09/2021","23.057","23.074","23.644","22.599","","0.21%"
"02/08/2021","23.010","19.749","23.010","19.547","","16.32%"